"","lon","lat","osm_id","code","fclass","name"
"24",75.8422152,30.8896149,"173472544",2005,"post_office",NA
"118",77.6008383,12.8980535,"247964328",2005,"post_office","IIMB post office - Bilekahalli"
"137",80.2573785,13.039407,"248643757",2005,"post_office","Alwarpet"
"172",80.2790111,13.0828196,"258890798",2005,"post_office","Park Town PO"
"180",77.6266252,12.9271867,"263227115",2005,"post_office","Koramangala 3rd Block"
"188",80.2430157,13.0605534,"264481214",2005,"post_office","Nungambakkam"
"192",77.0479624,28.473621,"266376438",2005,"post_office",NA
"193",77.0480053,28.473206,"266376644",2005,"post_office",NA
"211",77.1676261,28.510203,"266442534",2004,"post_box",NA
"218",77.6487875,12.9056265,"266472080",2004,"post_box",NA
"227",79.1723325,26.6618467,"266584735",2005,"post_office",NA
"231",77.0315003,28.4620809,"266599672",2005,"post_office",NA
"284",87.3179349,23.5688077,"273514004",2005,"post_office","B-Zone Post Office"
"315",73.9171938,18.5078298,"280430691",2004,"post_box",NA
"378",75.7799088,11.2486912,"289607572",2005,"post_office","Big Bazaar"
"415",82.9825623,25.3356089,"293484374",2005,"post_office",NA
"429",92.74135,11.66583,"293675358",2005,"post_office",NA
"439",92.74585,11.67188,"293690184",2005,"post_office","Aberdeen Bazar Post Office"
"466",80.2075642,13.0846666,"295544408",2005,"post_office","Anna Nagar post office"
"470",77.5665181,13.0139623,"295751003",2005,"post_office","IISc Post Office"
"519",80.2529292,13.0408055,"301738743",2004,"post_box",NA
"523",80.2523614,13.0486738,"301947498",2004,"post_box",NA
"524",80.2563741,13.0422689,"301947499",2004,"post_box",NA
"529",80.2485425,13.0474874,"302884332",2005,"post_office","Teynampet West"
"530",80.2472853,13.0396928,"302884335",2005,"post_office","Teynampet South"
"538",80.2496074,13.0423774,"303536868",2004,"post_box",NA
"539",80.2516873,13.0333983,"303569589",2004,"post_box",NA
"542",80.2569897,13.0332378,"303590824",2004,"post_box",NA
"543",80.2591738,13.0314918,"303590923",2005,"post_office",NA
"547",80.2580934,13.0287008,"303590946",2004,"post_box",NA
"548",80.2540801,13.0290067,"303590951",2004,"post_box",NA
"549",80.2504098,13.029844,"303590955",2004,"post_box",NA
"550",80.2528387,13.0380671,"303601613",2005,"post_office","Eldams Road Post Office"
"552",77.583314,12.9303756,"303917702",2005,"post_office","Jayanagar 3rd Block PO"
"621",77.6630046,12.8398359,"308773504",2005,"post_office","Electronics City Post Office"
"669",77.6372372,12.9141115,"310395763",2005,"post_office","HSR PO"
"674",80.2769884,13.0874773,"310506633",2005,"post_office",NA
"738",77.6359498,12.9608935,"312599850",2005,"post_office","Domlur Post office"
"751",80.1904075,12.9805594,"313946123",2005,"post_office",NA
"752",80.1987969,12.9631622,"313946355",2005,"post_office",NA
"753",80.1876904,12.9890986,"313950308",2005,"post_office",NA
"845",78.5255931,17.4202457,"321714693",2005,"post_office","post office"
"860",74.4244276,34.0590491,"324219422",2004,"post_box",NA
"885",79.8345023,11.9365955,"325414536",2005,"post_office","Bureau de poste de Sri Aurobindo Ashram"
"901",74.866476,31.6377424,"327584768",2005,"post_office","Head Post Office Amrisar"
"907",76.950568,11.0106209,"330069964",2005,"post_office","Head Post Office"
"989",80.2526487,13.0350875,"339090560",2004,"post_box",NA
"993",73.2398525,19.1634091,"339122376",2005,"post_office","Kulgaon Postoffice"
"1015",80.2648375,12.9757366,"340185482",2004,"post_box",NA
"1201",80.2040134,13.055399,"343456161",2005,"post_office","Saligram Post office"
"1271",72.833846,19.0566557,"348116783",2005,"post_office","Bandra Post Office"
"1290",78.3910803,17.4416304,"349267492",2005,"post_office","Cyberabad Post Office"
"1349",70.9081213,26.9137522,"353703050",2005,"post_office","Post office"
"1382",76.9478103,8.4950647,"354065009",2005,"post_office","General Post Office"
"1402",80.1554845,12.5041911,"354936849",2005,"post_office",NA
"1423",73.0230635,26.28605,"355028977",2005,"post_office","Central Post Office"
"1428",77.1723304,28.645835,"355436031",2004,"post_box",NA
"1429",77.0516152,28.4841096,"355436033",2004,"post_box",NA
"1430",77.0436967,28.416425,"355436035",2005,"post_office","South City II Post Office"
"1450",73.6904241,24.5915574,"356480192",2005,"post_office","Main Post Office"
"1463",80.1613604,12.5125517,"358151918",2004,"post_box",NA
"1487",77.6214543,12.9298186,"363758557",2005,"post_office","St Johns Post Office"
"1492",77.5860466,12.9238628,"364629083",2005,"post_office","Jayanagar 4th Block Post Office"
"1493",77.576528,12.9224908,"364629322",2005,"post_office",NA
"1727",80.246339,13.0370578,"389516056",2004,"post_box",NA
"1801",79.3488868,13.6777205,"395733305",2005,"post_office","Tirumala Post Office"
"1886",79.3504113,13.6777919,"405392410",2005,"post_office","Tirumala Post and Telegraph Office"
"1906",80.2656369,13.0261502,"410615442",2005,"post_office","RA Puram Post Office"
"1938",77.1209508,28.4787294,"415257456",2004,"post_box","Arjangarh"
"1997",76.6192635,9.4244651,"425248524",2005,"post_office","Mundiappally PO"
"2096",77.219296,28.5895467,"436905721",2005,"post_office","Head Post Office (GPO)"
"2196",77.0332968,28.4563163,"449449509",2004,"post_box",NA
"2274",72.804561,18.9554449,"455270426",2005,"post_office","Malabar Hill Post Office"
"2349",72.7956651,18.9462864,"467148308",2004,"post_box",NA
"2362",80.2547402,13.0594542,"471986873",2005,"post_office","Greams Road"
"2369",77.0151204,10.9980365,"472267693",2004,"post_box",NA
"2386",76.9424513,11.2879873,"472269730",2004,"post_box",NA
"2429",72.8122395,18.9603023,"477642546",2004,"post_box",NA
"2515",72.832684,18.9201091,"487995372",2004,"post_box",NA
"2516",72.8310794,18.9188815,"487995390",2004,"post_box",NA
"2538",72.8233549,18.9296681,"492500315",2005,"post_office","New Yogakshema"
"2612",78.0569349,30.4672265,"503410912",2004,"post_box",NA
"2618",78.0789659,30.4519343,"506119098",2004,"post_box",NA
"2626",78.0777362,30.4561391,"506456694",2004,"post_box",NA
"2647",76.3237182,32.2386336,"513003908",2004,"post_box",NA
"2648",76.3250726,32.2367599,"513003914",2005,"post_office","Mcloedgunj Post Office"
"2713",78.1322291,9.9316574,"518991793",2005,"post_office","Tallakulam  Post Office"
"2739",77.5531101,13.0508316,"521157750",2005,"post_office","Jalahalli Post Office"
"2751",78.8095724,10.2492368,"523672468",2005,"post_office","Rayavaram Post Office"
"2788",78.4441541,17.4373464,"534091118",2004,"post_box","S. R. Nagar Post Office"
"2928",76.6426474,12.2924114,"542430625",2004,"post_box","Sharada Vilas Post Office"
"2988",76.0979312,10.9209272,"553102020",2005,"post_office","Edayur North Post Office"
"2991",76.2170883,31.9957098,"554049247",2004,"post_box",NA
"3041",76.3857581,32.1729905,"560443029",2005,"post_office","Yol Post Office"
"3107",75.8035385,26.917309,"566811986",2005,"post_office","Central Post GPO"
"3108",75.82549,26.92336,"566815183",2005,"post_office","Post Bazar"
"3152",77.3715254,28.6388901,"571589488",2004,"post_box",NA
"3250",77.5928265,13.0216684,"582591613",2005,"post_office","RT Nagar"
"3274",76.9055257,31.5325888,"583220470",2005,"post_office","Head Post Office, Sundernagar"
"3277",76.9010862,31.5344517,"583230996",2005,"post_office","Sub Post Office, Purana Sundernagar"
"3299",76.8843497,31.5146173,"583541922",2004,"post_box",NA
"3310",76.8986681,31.5355833,"583543379",2004,"post_box",NA
"3326",76.9483873,8.534797,"588740509",2005,"post_office","Post Office, Muttada"
"3334",77.5956684,12.9814768,"590067489",2004,"post_box",NA
"3436",77.1047119,28.6747317,"599901630",2004,"post_box",NA
"3442",76.2414371,9.9655551,"600348707",2005,"post_office","Fort Cochin Post Office"
"3469",80.9456542,26.8447278,"602509458",2004,"post_box",NA
"3489",72.8284002,18.9450359,"605221733",2005,"post_office","Kalbadevi Post Office 400002"
"3495",72.8285807,18.9434282,"605222670",2004,"post_box",NA
"3543",72.5848584,23.107121,"611572685",2004,"post_box","Chandkheda"
"3563",77.1637209,28.5571803,"613342451",2004,"post_box",NA
"3565",77.1656027,28.5672852,"613342453",2004,"post_box",NA
"3578",75.4314337,31.2128001,"617819772",2005,"post_office","Uggi"
"3658",77.5664416,13.0170367,"624991906",2004,"post_box",NA
"3724",77.0889655,31.2474102,"627244325",2005,"post_office","Tattapani Post Office"
"3763",72.5804476,23.0606452,"631819339",2004,"post_box",NA
"3774",77.5684264,13.0146272,"634061618",2004,"post_box",NA
"3797",78.5110173,17.4081032,"635722806",2004,"post_box","Vidyanagar Post Office"
"3818",77.5627205,13.0188903,"638916435",2004,"post_box",NA
"3819",77.5537972,13.0326654,"638988095",2005,"post_office","Shree Chowdeshwari Post Office"
"3899",73.2399728,19.1632488,"653125037",2004,"post_box",NA
"3901",73.2306277,19.1667272,"653125065",2004,"post_box",NA
"3958",73.7847837,19.9979128,"660313545",2005,"post_office",NA
"4014",72.8349898,18.9346708,"662459688",2005,"post_office","Bazaar Gate Post Office"
"4111",80.1391047,17.2494812,"663981372",2004,"post_box",NA
"4284",79.1408707,10.7786454,"671862060",2005,"post_office","Head Post Office, Thanjavur"
"4312",73.8756503,18.5229317,"672223102",2005,"post_office","Pune General Post Office"
"4327",74.4508241,17.5914909,"672690245",2004,"post_box","Vaduj"
"4338",76.3686275,32.2005,"673857113",2005,"post_office","Rakkar Post Office"
"4369",80.1504446,17.2561468,"674066950",2005,"post_office","NSP Camp"
"4393",72.916821,19.132835,"674109017",2004,"post_box",NA
"4517",77.591876,12.9255101,"691930460",2004,"post_box","Tilaknagar Post Office"
"4583",77.1031772,28.4226886,"701939973",2005,"post_office","Sec-56 Post Office"
"4634",72.827395,18.9541461,"715015489",2005,"post_office","Madhavbaug PO"
"4666",76.2587972,32.2055545,"716622534",2005,"post_office","Sub Post Office, Chadhi"
"4690",77.0623935,28.5588615,"723739750",2004,"post_box",NA
"4700",77.5839427,11.2745036,"725283771",2004,"post_box","Professional Couriers"
"4702",77.5851753,11.2784734,"725284070",2005,"post_office","Perundurai Post Office"
"4715",78.4664469,17.402715,"726175222",2004,"post_box","Assembly Postbox"
"4775",77.6173186,12.8757246,"731740934",2004,"post_box","DLF New Town"
"4791",80.1451895,17.2378339,"734212369",2005,"post_office","Church Rd"
"4859",77.0223486,8.5384811,"744877160",2004,"post_box","Puliyarakonam Post Office"
"4924",80.2257634,12.9864198,"761159525",2004,"post_box","Opp Advent Church"
"4974",77.0356267,28.8018078,"762031794",2004,"post_box","Bawana post office 110039"
"5139",76.6097866,32.4561635,"773641804",2005,"post_office","Sub Post Office Hadsar"
"5286",77.1883245,32.2437986,"796867267",2005,"post_office","Post Office Manali"
"5303",76.2818425,9.9716677,"801839943",2005,"post_office","Ernakulam Head Post Office"
"5336",76.962227,11.0120468,"803389822",2004,"post_box",NA
"5343",76.9750386,11.0052257,"803684691",2005,"post_office",NA
"5378",76.6628555,32.7262523,"809962525",2005,"post_office","Sub Post Office Udaipur"
"5391",76.8654208,32.6351918,"810064399",2005,"post_office","Sub Post Office Jahlmah"
"5392",76.9376476,32.6024129,"810144913",2005,"post_office","Post Office Lote"
"5404",76.5937105,32.010067,"811015933",2005,"post_office","Post Office Bhuana"
"5512",76.9414792,13.307567,"827240285",2004,"post_box",NA
"5619",80.1410928,17.2353438,"838980130",2004,"post_box",NA
"5767",77.6230883,13.0059301,"857105876",2005,"post_office","St Thomastown Post Office"
"5770",72.8324233,18.9567216,"858473413",2005,"post_office","Mandvi Post Office"
"5785",72.8306964,18.9615866,"860303669",2005,"post_office","Null Bazaar Post Office"
"5811",80.1438605,17.2428293,"868545307",2005,"post_office","Sub Post Office"
"5815",73.8497231,18.4911226,"870317564",2004,"post_box",NA
"5826",73.7663802,18.5699952,"871497964",2005,"post_office","Baner Post Office"
"6263",75.8640522,30.8657718,"919601751",2005,"post_office","Shimlapuri Post Office"
"6356",75.100841,12.7642298,"922428313",2004,"post_box","Post Office"
"6365",75.112741,12.8060038,"925527735",2005,"post_office","Ananthady post office"
"6532",75.8838654,30.8695318,"929256011",2005,"post_office","Daba Road, Ludhiana (141014)"
"6562",80.1858951,13.0449256,"934859090",2004,"post_box","PostBox"
"6593",77.2809165,28.5357637,"939234779",2005,"post_office",NA
"6601",77.6678755,12.9584115,"940534676",2005,"post_office","HAL postoffice"
"6741",77.5454937,12.9407969,"951468113",2005,"post_office","Girinagar Post Office"
"6788",77.5417724,12.9321449,"959266145",2005,"post_office",NA
"6822",76.634753,9.7348796,"966935025",2005,"post_office","Palackattumala Post Office"
"6824",76.6113077,9.7427287,"966935049",2005,"post_office","Maranagattupilly Post Office"
"6845",76.0596616,32.5488986,"971639176",2004,"post_box",NA
"6851",75.9760827,32.5365002,"971639463",2005,"post_office",NA
"6880",79.3920723,18.6133051,"974441002",2004,"post_box",NA
"6886",95.3201401,27.3551951,"975644736",2005,"post_office","Duliajan Post Office"
"6902",78.538341,17.500603,"976475895",2004,"post_box","Yapral Post Office"
"6989",77.6988783,12.9950857,"983351449",2005,"post_office","Mahadevappura Post Office"
"7099",76.3403952,9.499963,"994696720",2005,"post_office",NA
"7100",76.3405934,9.4958679,"994696724",2005,"post_office",NA
"7107",80.1389974,17.2493993,"995261439",2004,"post_box",NA
"7128",80.1326859,12.9737394,"1000989064",2005,"post_office","Pammal Post Office"
"7210",77.1539241,31.1034772,"1012079100",2005,"post_office","Ambedkar Chowk Post Office"
"7215",77.1644049,31.105469,"1012084694",2005,"post_office","A.G. Sub Post Office"
"7219",77.1718377,31.1055101,"1012095675",2005,"post_office","Shimla GPO"
"7223",77.1777072,31.1021016,"1012095701",2005,"post_office","Comermere Sub Post Office"
"7226",77.1785859,31.089993,"1012103660",2005,"post_office","Shimla East Post Office"
"7270",95.3566504,27.4875248,"1014526695",2005,"post_office","Head Post Office"
"7347",80.2162949,13.0343672,"1024679299",2004,"post_box","Ashok pillar"
"7403",72.8373941,18.9502818,"1033756731",2005,"post_office","Masjid Post Office"
"7627",73.8462994,18.504229,"1054640402",2004,"post_box",NA
"7637",80.7971478,17.9091777,"1055890109",2005,"post_office",NA
"7646",77.5740606,12.9447608,"1058171422",2005,"post_office","Basawanagudi Post Office"
"7651",77.5928253,13.006983,"1060580204",2005,"post_office","J C Nagar Post Office"
"7676",79.1542834,12.9698227,"1064559867",2005,"post_office","Post Office"
"7784",80.138099,17.2393533,"1076465248",2004,"post_box",NA
"7808",75.3366877,31.0849579,"1078690610",2004,"post_box","post box shahkot"
"7834",74.991161,12.5023072,"1083026035",2004,"post_box","Kasaragod head Post office"
"7972",78.6410208,25.351012,"1109077298",2005,"post_office",NA
"7977",78.6409635,25.3509518,"1109077616",2004,"post_box",NA
"7999",77.1872498,28.5744997,"1114868893",2004,"post_box","Netaji Nagar Post Office"
"8039",73.0122467,19.0692053,"1122035532",2004,"post_box","Turbhe P.o"
"8081",77.7393358,23.4832776,"1124758534",2004,"post_box",NA
"8088",77.7375897,23.4857708,"1124758761",2004,"post_box",NA
"8089",77.7395119,23.4833494,"1124758785",2005,"post_office",NA
"8170",78.4727373,17.4660997,"1142705252",2005,"post_office",NA
"8471",77.4946424,10.2362369,"1168847666",2005,"post_office","Kodaikanal S.O"
"8486",72.8512892,19.1630365,"1169398229",2005,"post_office","Indian Post Office"
"8487",72.8489498,19.1663635,"1169474600",2005,"post_office","Post Office"
"8510",77.0609486,10.086309,"1172852830",2005,"post_office",NA
"8646",76.3739367,9.9429398,"1190898934",2004,"post_box","Thiruvankulam Post Office"
"8650",77.6301355,10.2814709,"1191337518",2005,"post_office","Post Office"
"8893",78.3195306,17.3934424,"1233343101",2005,"post_office",NA
"8894",78.3195574,17.3935038,"1233343102",2004,"post_box",NA
"8916",72.8122892,21.185518,"1236218918",2005,"post_office",NA
"8977",78.4952808,17.4412511,"1242176694",2004,"post_box",NA
"8987",76.1532762,15.3519628,"1242857591",2005,"post_office",NA
"8992",80.1927801,12.9912919,"1243946423",2005,"post_office",NA
"9042",74.027373,30.4071345,"1248415460",2005,"post_office","Main"
"9070",78.4526702,13.6340369,"1257868614",2004,"post_box",NA
"9081",78.4507024,13.6332585,"1260945375",2005,"post_office","Rishi Valley"
"9097",86.1699669,22.8031649,"1268353936",2005,"post_office","Kadma Post Office"
"9119",73.8287259,18.5128096,"1271226873",2004,"post_box",NA
"9200",78.9409102,22.0520009,"1281212805",2005,"post_office",NA
"9251",77.5627236,13.0090343,"1290107604",2005,"post_office",NA
"9269",77.5706105,13.0001186,"1290203354",2005,"post_office",NA
"9330",88.3489103,22.6556247,"1299710009",2005,"post_office",NA
"9384",78.5146713,17.4783861,"1306278391",2005,"post_office","Lal Bazar Post Office"
"9425",78.1023438,9.9262238,"1312147817",2004,"post_box","625001"
"9451",72.8101162,18.9591657,"1316282514",2004,"post_box",NA
"9497",83.890411,26.7372424,"1323437264",2005,"post_office",NA
"9608",74.2582687,30.6040577,"1330705505",2005,"post_office",NA
"9784",77.718387,12.966045,"1339602947",2005,"post_office",NA
"9794",79.5481892,17.9950444,"1340083098",2005,"post_office",NA
"9810",79.0213757,28.7810371,"1341127909",2005,"post_office",NA
"9872",74.6142912,30.9303997,"1344830642",2005,"post_office","Head Post Office Ferozpur"
"10040",72.9189253,19.0450337,"1351197454",2005,"post_office",NA
"10055",77.2543413,8.9757788,"1354562198",2005,"post_office",NA
"10132",72.8405735,19.2314681,"1361585255",2005,"post_office",NA
"10189",80.6184056,17.5435262,"1369726610",2005,"post_office","post office"
"10200",77.6074967,13.0395856,"1370760927",2005,"post_office","Kanakanagar Post Office"
"10201",78.4625902,17.4562501,"1370770547",2005,"post_office","Old Airport Post Office"
"10215",77.0813715,28.4670246,"1371226172",2005,"post_office",NA
"10242",77.0912218,28.6300588,"1374470953",2004,"post_box",NA
"10244",77.0915007,28.6197189,"1374470968",2004,"post_box",NA
"10393",75.7559576,30.5242993,"1393206470",2005,"post_office",NA
"10397",77.6044359,12.9115672,"1396823304",2005,"post_office","BTM Layout"
"10404",79.7952992,11.9449404,"1397073433",2005,"post_office","Thattanchavadi"
"10439",75.7763535,11.270593,"1405372209",2005,"post_office","Nadakkave Post Office"
"10466",77.576484,13.0387152,"1410700065",2005,"post_office","RMV 2nd Stage Post Office"
"10514",72.914484,19.0535686,"1417929826",2005,"post_office",NA
"10620",77.7480924,12.9683844,"1431901812",2004,"post_box",NA
"10622",77.7481843,12.9684352,"1431901822",2005,"post_office","Whitefield Post Office"
"10666",78.5362799,17.450349,"1435298250",2005,"post_office","Malkajgiri Post Office"
"10837",78.0553025,30.4689503,"1447007030",2005,"post_office","Post Office"
"11013",73.094108,19.2153256,"1462086047",2005,"post_office","Tilak Nagar Post office"
"11049",77.4993822,12.9248384,"1462590139",2005,"post_office","R V Vidyanikethan Post"
"11051",77.5790414,13.0019182,"1462688051",2005,"post_office","Vyali Kaval Post Office"
"11090",77.5138394,12.9527146,"1463512600",2005,"post_office","Nagarbhavi Post Office"
"11163",77.5577739,13.0757912,"1463644516",2005,"post_office","Vidyaranyapura"
"11181",77.5462378,13.0731027,"1463791039",2005,"post_office","Air Force Station Jalahalli East"
"11191",74.7323836,13.3475854,"1463823403",2004,"post_box",NA
"11192",74.7323863,13.3475697,"1463823503",2005,"post_office","Adi Udupi Post office"
"11304",77.5692879,12.9261282,"1464889408",2004,"post_box",NA
"11323",79.1262168,10.7739066,"1465016781",2005,"post_office","Post office"
"11389",77.6137437,12.9365314,"1465628983",2004,"post_box",NA
"11425",76.0704,10.8901485,"1465903431",2005,"post_office","Valanchery Panchayath Office"
"11451",77.5441625,12.8988689,"1466620448",2005,"post_office","Uttarahalli Post Office"
"11460",77.5926135,12.9193402,"1466661277",2005,"post_office","Post Office, Jayanagar 9th Block"
"11504",75.6364186,15.4325691,"1466778261",2005,"post_office","Head Post Office"
"11546",75.6999283,16.1813839,"1467437177",2005,"post_office","Post office"
"11613",87.2791398,22.338063,"1467956745",2005,"post_office","Nimpura Post Office"
"11625",87.3260538,22.338973,"1467971324",2005,"post_office","Kharagpur Post Ofice"
"11710",76.9966347,10.9963455,"1468324428",2005,"post_office","Post office"
"11851",76.2098679,15.0513295,"1469303409",2005,"post_office","Post office"
"11878",76.9830066,10.9983509,"1470337788",2005,"post_office","Redfields Post Office"
"11943",77.334753,13.1464411,"1470586384",2005,"post_office","Teppada Begur Post Office"
"12008",76.9401267,11.2928012,"1470833282",2005,"post_office","Mettupalayam Head Post Office"
"12067",77.6318524,12.9179001,"1471713472",2004,"post_box",NA
"12109",77.3929948,13.0962713,"1471782362",2005,"post_office","Nelamangala Post Office"
"12213",76.3443999,10.0210405,"1472174820",2005,"post_office","Post Office Kakkanad"
"12398",80.2235605,13.0640445,"1473040682",2005,"post_office","Choolaimedu Post Office"
"12445",76.3358445,9.4969398,"1473223980",2005,"post_office","HeadPost Office"
"12452",76.3436677,9.4795724,"1473247579",2005,"post_office","Pazhaveedu Post Office"
"12493",86.4342987,23.7967357,"1473605026",2004,"post_box",NA
"12944",76.9680799,10.9950865,"1474451361",2005,"post_office",NA
"12980",83.3358019,17.7401567,"1474510977",2005,"post_office","India Post"
"13394",73.8090313,18.5559225,"1489538596",2004,"post_box",NA
"13402",75.8071568,30.1272614,"1490459480",2005,"post_office","Post Office"
"13430",77.6034656,12.9730431,"1492519137",2005,"post_office","India Post Museum road"
"13536",76.3857929,30.3345737,"1514006549",2005,"post_office","Head Post Office, Patiala"
"13553",77.7177093,12.9952882,"1514989182",2005,"post_office","Hoodi Post Office (560 048)"
"13585",77.2682749,28.5618567,"1528716741",2005,"post_office","Post Office"
"13639",73.8418668,18.5151122,"1534471890",2005,"post_office","Deccan Gymkhana Post Office"
"13652",83.0092479,25.30702,"1534910568",2005,"post_office",NA
"13663",72.9763715,19.1871694,"1537818969",2005,"post_office","Thane Rly Stn Post office"
"13761",69.6694943,23.2537884,"1545194749",2005,"post_office","Durbargarh Post Office"
"13792",73.064617,19.03235,"1552912485",2005,"post_office","Kharghar Post Office"
"13796",76.0875576,10.8814733,"1553222710",2005,"post_office",NA
"13799",76.0978394,10.8648608,"1553237995",2005,"post_office",NA
"13818",82.9809998,25.3043783,"1553901126",2005,"post_office",NA
"13837",80.226886,13.0384181,"1557867384",2005,"post_office",NA
"14075",72.9796786,19.2504519,"1582068616",2004,"post_box",NA
"14117",73.8001049,17.924715,"1588173509",2005,"post_office","Panchgani"
"14118",73.8000298,17.924715,"1588173513",2004,"post_box",NA
"14231",77.5993673,12.937389,"1603318753",2005,"post_office","Dharmaram College Sub Post Office"
"14407",77.1149371,8.2809508,"1623273776",2005,"post_office","Vallavilai Post Office"
"14468",76.6427066,12.2923322,"1636792835",2005,"post_office","Krishnamurthypuram Post Office"
"14507",76.6567376,12.3138549,"1638084342",2005,"post_office","Mysore Post Office"
"14567",80.2365453,13.0105366,"1645214401",2005,"post_office","College of Engineering, Guindy"
"14602",76.5564214,12.0967263,"1650147904",2005,"post_office",NA
"14608",72.8982135,19.0567078,"1651421864",2005,"post_office","Chembur Head Post Office"
"14652",73.7669568,15.5435707,"1655866724",2005,"post_office","Calangute Post Office"
"14857",75.4875259,11.7496856,"1668646414",2005,"post_office","Head post office"
"14912",78.77648,10.16111,"1669688479",2005,"post_office","செட்டிநாடு தபால் நிலையம்"
"15075",77.619048,12.9380816,"1677986051",2005,"post_office","Koramangala Post Office"
"15169",76.9570487,8.4408827,"1682988875",2005,"post_office","Post Office"
"15198",74.8357956,12.9026571,"1683107836",2005,"post_office","Post Office Kottara"
"15218",75.8442534,30.245589,"1683384914",2005,"post_office","Head Post Office"
"15256",77.8626616,8.3355593,"1685476653",2005,"post_office","India Post"
"15284",73.8286867,15.4987761,"1688110167",2004,"post_box",NA
"15285",73.8270776,15.4991305,"1688110176",2004,"post_box",NA
"15310",93.7412619,27.1302789,"1690042869",2005,"post_office","Post Office"
"15337",79.8333448,11.9346261,"1690207098",2005,"post_office","Bureau de poste principal"
"15380",80.1682584,12.9209247,"1693481930",2005,"post_office","India Post Office"
"15411",76.6123998,27.5613868,"1694918196",2005,"post_office","Alwar Post office"
"15575",76.0640648,10.7802442,"1713662416",2005,"post_office","vattamkulam"
"15656",76.9446513,31.7014095,"1717754935",2004,"post_box",NA
"15665",79.5303366,29.2161784,"1718155235",2005,"post_office","Haldwani Main Post Office"
"15678",79.5238618,29.215846,"1718317951",2005,"post_office","Heeranagar Post Office"
"15713",75.3330166,12.9956073,"1719512651",2005,"post_office","Ujire Post Office"
"15769",75.3658303,13.5340427,"1723475052",2005,"post_office","Post office"
"15817",75.974436,10.7338598,"1725515005",2005,"post_office","Maranchery Post Office"
"15818",76.3060084,9.9070357,"1725593333",2005,"post_office","Kumbalam PO"
"15860",77.5870422,12.9118275,"1732930359",2005,"post_office","JP Nagar Post Office"
"15899",75.7740632,13.3155873,"1738006993",2005,"post_office","Head Post Office, Chikmagalur"
"15923",95.0806705,27.4642445,"1739986515",2005,"post_office",NA
"15924",95.2205926,27.4996087,"1739986552",2004,"post_box",NA
"15950",72.8686446,22.6921411,"1740709564",2005,"post_office","Desai Vago Post Office"
"15957",75.1269595,15.3597318,"1741077549",2005,"post_office","Vidyanagara Post Office"
"15994",77.564636,12.9375688,"1741822713",2005,"post_office","Ashoknagar Postoffice"
"16010",77.6459406,13.0180867,"1742657374",2005,"post_office","Kalyan Nagar Post Office"
"16095",75.8793818,11.305813,"1753663718",2005,"post_office","Kunnamangalam"
"16102",77.7772917,20.9379752,"1754178834",2004,"post_box",NA
"16143",77.6500954,12.9598393,"1760618743",2005,"post_office","NAL Sub Office"
"16171",77.6500954,12.9598393,"1761893916",2005,"post_office","NAL Sub Office"
"16196",80.2223332,12.9826607,"1764282872",2005,"post_office","Velachery Post Office"
"16205",76.98443,28.6071611,"1764315971",2005,"post_office","Najafgarh Post Office"
"16207",88.3164808,22.4938618,"1765139012",2005,"post_office",NA
"16263",77.5151084,10.4523257,"1771171089",2005,"post_office","Head Post Office"
"16282",75.1896576,12.0605673,"1773526665",2005,"post_office","Ramanthali Post Office"
"16362",75.2495259,13.6900697,"1779041398",2005,"post_office","Tirthahalli Post Office"
"16459",77.5720582,12.9535008,"1791566157",2005,"post_office","PMK Road Post Office"
"16486",77.5578065,12.9412355,"1792041769",2004,"post_box",NA
"16589",77.5069787,13.0181558,"1794647657",2005,"post_office",NA
"16601",74.8576653,32.6984859,"1794746927",2005,"post_office","General Post Office"
"16611",74.8468077,32.6950008,"1794812600",2005,"post_office","Post Office - Satwari"
"16809",72.8254833,19.111007,"1803657782",2005,"post_office","Juhu Post Office"
"16817",78.2042106,12.3068495,"1803673958",2004,"post_box","Post office"
"17033",76.9073555,28.570349,"1811342194",2005,"post_office",NA
"17108",86.1849998,22.7991218,"1815108379",2005,"post_office","Bistupur Post Office"
"17122",77.1965286,10.0519161,"1815810054",2004,"post_box","Suryanelli Post Office"
"17125",83.3182705,17.7232292,"1815851986",2004,"post_box",NA
"17127",83.3243054,17.7249691,"1815858803",2005,"post_office","Andhra University Post Office"
"17258",76.0249863,10.5805668,"1824554297",2005,"post_office","Chavakkad Post Office"
"17309",77.3155981,28.5797469,"1827525464",2005,"post_office","Post Office"
"17338",76.7744999,30.7636387,"1830591627",2005,"post_office",NA
"17363",88.3653347,22.5313138,"1833352667",2005,"post_office","Ballygunge Post Office"
"17370",88.325316,22.525618,"1833418560",2005,"post_office","Mominpur Post Office"
"17374",76.9333845,31.7090307,"1833429609",2005,"post_office",NA
"17498",72.955609,26.216936,"1839223604",2004,"post_box",NA
"17504",75.9188986,14.4680597,"1839761336",2005,"post_office","RMC Davangere Post Office"
"17505",75.9199956,14.4689193,"1839763284",2005,"post_office","Davangere Head Post Office"
"17545",78.7512517,29.0439204,"1840901416",2005,"post_office",NA
"17557",72.867573,19.235441,"1842197931",2005,"post_office",NA
"17567",77.5764372,12.9648252,"1843603947",2005,"post_office","KR Market Sub Post Office"
"17642",76.7982975,30.7403134,"1849629186",2005,"post_office","Post office"
"17660",76.3194949,31.8741545,"1849860772",2005,"post_office",NA
"17770",72.9794957,19.1991761,"1855448913",2005,"post_office","Thane Main Post Office"
"17838",88.3440954,22.5233079,"1864390026",2005,"post_office","Kalighat Post Office"
"17887",74.7933738,13.0088615,"1866341128",2005,"post_office","Post Office"
"17986",77.5794158,12.8911059,"1877608346",2004,"post_box","DTDC Courier"
"18033",78.4379507,17.4297316,"1883470224",2005,"post_office","Sri Nagar Colony Post Office"
"18067",73.8197458,18.5114023,"1884450259",2005,"post_office","Ex Servicemen Colony"
"18193",73.7266857,15.6625104,"1895025219",2005,"post_office","Mandrem Post Office"
"18213",80.1117836,13.1311334,"1896341956",2005,"post_office","HVF Post Office"
"18248",75.7402534,12.422315,"1900767854",2005,"post_office","Post Office"
"18276",72.8307352,19.1238609,"1905386900",2005,"post_office","D.N.Nagar Post office"
"18287",76.2811879,9.9878515,"1906451038",2005,"post_office","Ernakulam North Post Office"
"18415",76.6461694,10.7686793,"1917221683",2005,"post_office","Nurani Port Office"
"18416",76.6426852,10.7645819,"1917222991",2005,"post_office","Thondikulam Post office"
"18431",76.616791,9.3190194,"1919870963",2005,"post_office","Chengannur Head Post Office"
"18437",74.6357671,26.4588761,"1920019968",2005,"post_office","General Post Office"
"18478",77.5832097,12.8833833,"1922035929",2005,"post_office","JP Nagar 8th Phase 560076"
"18597",78.0702388,32.2273146,"1934751349",2005,"post_office","Post Office"
"18640",85.5331223,25.3703087,"1938618814",2005,"post_office","Harnaut Postoffice"
"18643",85.4914918,25.3900467,"1938619038",2005,"post_office","Barah Postoffice"
"18650",77.4222487,8.1553895,"1939476818",2005,"post_office","Maravankudieruppu Post Office"
"18700",86.7264154,25.9080179,"1943793963",2005,"post_office","post office mathahi"
"18703",80.9596981,26.8735472,"1944291960",2005,"post_office","Mahanagar Post Office"
"18816",76.623274,10.7551728,"1954570690",2005,"post_office","Thirunellai Post Office"
"18821",80.2128428,13.0348132,"1955927401",2005,"post_office","UPS Delivery Main Center"
"18864",87.245639,23.6502147,"1958073991",2005,"post_office","Ukhra Post Office"
"18873",86.7898064,25.9148654,"1958683415",2005,"post_office","Head Post Office"
"18893",72.9694215,19.2319553,"1960732107",2005,"post_office","Post Office"
"18906",76.1678313,10.563163,"1962508750",2005,"post_office","Amala Nagar"
"18960",88.6050205,24.3661943,"1966622553",2005,"post_office","Ghoramara Post Office"
"19029",77.6917495,11.4417536,"1974107475",2005,"post_office",NA
"19081",84.8042853,22.2274663,"1984229540",2005,"post_office","Post Office"
"19095",75.8148346,30.9023217,"1985365651",2005,"post_office",NA
"19097",75.8015061,30.8813351,"1985366059",2005,"post_office","Postal Store Depot ( PDS )"
"19107",78.3586328,17.4390647,"1985561832",2005,"post_office","Gachibowli Post Office"
"19127",78.086838,17.6266686,"1986332063",2005,"post_office","Post Office"
"19149",88.6291499,24.3637517,"1986849387",2005,"post_office","post office"
"19208",75.3900677,12.562565,"1988177216",2005,"post_office","Post Office"
"19215",79.3852563,10.3420966,"1988390813",2005,"post_office","Adirampattinam Post Office"
"19230",76.6585369,10.767133,"1989277351",2005,"post_office",NA
"19363",79.7627322,11.7566664,"1998093132",2004,"post_box",NA
"19364",79.7626732,11.7567266,"1998093148",2005,"post_office","Cuddalore head post office"
"19375",77.8976255,26.6927734,"1998501267",2005,"post_office","a"
"19379",73.7367681,18.5865065,"1999602842",2005,"post_office","Hinjewadi Post Office"
"19493",76.6451938,10.7795435,"2010259905",2005,"post_office","Vadakkanthara"
"19512",81.7777393,16.9918393,"2012816387",2005,"post_office","Rajahmundry Head Post Office"
"19605",76.9977564,11.0008947,"2017660110",2005,"post_office","Krishnaswamy NagarPost Office"
"19648",74.7961558,13.0433174,"2020246342",2004,"post_box","Haleangadi Post Office"
"19890",76.630288,12.3236064,"2041918777",2005,"post_office","Vontikoppal Post office"
"19897",84.5146855,26.8007702,"2044023454",2005,"post_office","Head Post Office"
"19991",78.0195921,9.1861311,"2057494775",2005,"post_office","கிளை அஞ்சலகம்"
"20013",81.8358936,25.441564,"2057640336",2005,"post_office","Allahabad City Post Office"
"20085",76.9664812,8.5365628,"2066349369",2005,"post_office","Peroorkada Post Office"
"20258",75.6133762,12.6660538,"2074883589",2005,"post_office","Subrahmanya"
"20382",74.4070154,17.7071782,"2086143587",2005,"post_office","Nidhal Post Office"
"20427",75.9958317,10.6720546,"2090588860",2005,"post_office","Punnayurkulam Post Office"
"20432",77.546525,13.0106887,"2090807102",2005,"post_office","Mahalakshmi Layout Post Office"
"20557",78.0212739,11.1532987,"2104589920",2005,"post_office",NA
"20579",77.5878626,13.0626765,"2108234086",2005,"post_office","Sahakaranagara Post Office"
"20617",77.5787703,13.0781043,"2112143173",2005,"post_office",NA
"20644",76.3145611,10.0533337,"2115976857",2005,"post_office","Rajagiri Post Office"
"20677",77.5832149,12.9681161,"2120456509",2005,"post_office","4th street po"
"20687",81.8643957,25.4659454,"2121664261",2005,"post_office","Indian Post"
"20703",77.5575811,12.9187365,"2123565615",2005,"post_office","Padmanabha Nagara Post Office"
"20930",74.8108347,13.8627429,"2149942440",2004,"post_box",NA
"20966",77.5818086,12.8954376,"2151955930",2004,"post_box","DTDC Courier"
"20996",78.1231768,9.9232011,"2152139402",2005,"post_office","Post Office 625001"
"21046",76.7025822,11.4024049,"2153184300",2005,"post_office","643001"
"21049",79.138031,10.7908912,"2153276827",2005,"post_office","Post Office 613001"
"21086",79.0560036,12.2215288,"2154074913",2005,"post_office","Post Office 606603"
"21109",80.1926363,12.6208896,"2154131366",2005,"post_office","Post Office 603104"
"21158",76.6775054,9.3544794,"2159506764",2005,"post_office","Pullad Post Office"
"21205",77.1810832,28.6464118,"2165822079",2005,"post_office",NA
"21237",88.3711624,22.7580585,"2167434568",2005,"post_office","Barrackpore Railway Station"
"21283",77.3842451,28.6780694,"2170341701",2004,"post_box",NA
"21368",78.1235299,9.9127229,"2175177870",2005,"post_office","Post Office"
"21419",73.8903413,18.5547266,"2183543082",2004,"post_box",NA
"21477",72.8691431,19.1110984,"2188852740",2005,"post_office","J. B. Nagar Post Office"
"21506",77.8179558,9.6307767,"2191999269",2005,"post_office","Post Office"
"21694",77.0182392,31.79742,"2197162863",2005,"post_office","Kataula Post Office"
"21782",77.3630965,28.5652902,"2201187742",2005,"post_office","Sector 41 Post Office"
"21879",88.2358947,27.3005783,"2208739483",2005,"post_office","Post Office"
"21898",88.2651856,27.0398495,"2210081822",2005,"post_office","Post Office"
"21923",80.2605401,13.0070984,"2211491442",2005,"post_office","Adyar Post Office"
"22087",80.1677189,13.0222531,"2221603018",2005,"post_office","Mugalivakkam Post Office - Speed Post Office"
"22215",72.8992388,19.0681539,"2242200964",2005,"post_office","Tilak Nagar Post Office"
"22219",74.8624091,13.6077048,"2242225751",2005,"post_office","Shanakaranarayana Post Office"
"22323",88.2367388,22.585913,"2252599714",2005,"post_office","Andul Mouri"
"22407",88.3648261,22.5671891,"2266850258",2005,"post_office","Sakharitala Post Office"
"22490",73.8462491,18.5042122,"2274995536",2005,"post_office","Lokmanya Nagar Post Office"
"22503",74.7355247,14.3136605,"2277906120",2005,"post_office",NA
"22633",78.3879961,17.4323332,"2287982977",2005,"post_office",NA
"22717",78.682796,10.8227941,"2296700647",2005,"post_office","Thillainagar Post Office"
"22784",80.2699517,13.0744672,"2296746909",2005,"post_office","Chintadripet Post Office"
"22788",76.7082413,9.9358043,"2296839172",2005,"post_office","Kumaramangalam Post Office"
"22884",75.1517872,15.3620389,"2304472620",2005,"post_office","Keshwapur Post Office"
"22909",75.002833,15.4441326,"2307252702",2004,"post_box",NA
"22962",72.9005147,19.1353745,"2313090353",2005,"post_office","NITIE Post Office"
"23053",76.9606571,11.2421043,"2320333875",2005,"post_office","karamadai post office"
"23060",80.2550173,12.9832497,"2320746888",2005,"post_office","Thiruvanmiyur Post Office"
"23081",75.1144773,15.350899,"2322736725",2004,"post_box",NA
"23106",75.0061003,15.4518781,"2326717617",2005,"post_office","Head Post Office, Dharwad"
"23244",79.9802217,12.6938026,"2334799071",2005,"post_office",NA
"23344",73.1975816,22.3036587,"2344040371",2005,"post_office","Vadodara Head Post Office"
"23382",77.8266371,12.7334638,"2344418575",2005,"post_office","Main Post Office"
"23548",77.1353891,16.7616177,"2356006591",2005,"post_office","Yadgir Head Post Office"
"23582",73.8531763,18.5137558,"2358247542",2005,"post_office","Vishrambag Wada"
"23583",73.8532181,18.513721,"2358247595",2004,"post_box",NA
"23603",77.4263699,8.1775838,"2363078232",2005,"post_office","The Professional Couriers"
"23863",76.3441065,10.0080643,"2376865494",2005,"post_office","Kakkanad"
"24237",77.2746349,28.5658843,"2384628616",2004,"post_box",NA
"24249",75.8380008,11.2762362,"2385190714",2005,"post_office","Medical College Post Office"
"24265",76.352469,12.3456071,"2386065910",2005,"post_office","Marduru Post Office"
"24282",78.0417361,30.3249895,"2387038376",2005,"post_office","General Post Office"
"24308",93.0033158,24.7922248,"2387267836",2005,"post_office","Post Office"
"24325",81.7762773,17.0234363,"2387332921",2005,"post_office","Sri RamNagar Postoffice"
"24400",76.4955179,9.0912229,"2388340092",2005,"post_office","Vallikavu post office"
"24487",77.135606,16.7511611,"2390732339",2005,"post_office","Yadgir Sub Post Office"
"24507",76.2555579,9.9570613,"2391284989",2005,"post_office","Cherlai Post office"
"24508",76.2581258,9.9602179,"2391285029",2005,"post_office","Mattancherry Post Office"
"24563",76.960548,8.5218347,"2392784018",2005,"post_office","Kowdiar Post Office"
"24862",75.0940937,30.483506,"2409444414",2005,"post_office","Post Office"
"24940",74.8796599,31.6223686,"2416151572",2005,"post_office","Golden Temple Post Office"
"24962",85.8431661,20.266145,"2417736891",2004,"post_box",NA
"25060",85.3221479,23.3423566,"2419814949",2005,"post_office","Doranda Post Office."
"25125",85.3368687,23.3502914,"2426787003",2005,"post_office","Railway Post Office"
"25134",85.284052,22.972353,"2426800030",2005,"post_office","Murhu Post Office"
"25358",76.219293,12.317062,"2434890407",2005,"post_office","Post Office Kallahalli"
"25377",76.186685,12.3386081,"2434990342",2005,"post_office","Post Office Chilkunda"
"25398",76.181845,12.304092,"2435045651",2005,"post_office","Post Office Harinahalli"
"25421",77.5485639,9.3087855,"2436227620",2005,"post_office","Sankarankoil Head Post Office"
"25470",76.129868,12.220544,"2438787164",2005,"post_office","Post Office Neralakuppe"
"25560",76.5148104,9.5286734,"2444946680",2005,"post_office","Pallom Post Office"
"25562",76.9423143,8.5189473,"2445019684",2005,"post_office","Pattom Palace Post Office"
"25563",74.7859011,13.3489224,"2445029187",2005,"post_office","Manipal Post Office"
"25569",75.6519552,30.5541517,"2445343523",2005,"post_office","post office"
"25679",78.5406549,17.4899839,"2446514664",2005,"post_office","Post office"
"25709",78.4874611,9.8535268,"2447134224",2005,"post_office","Sivagangai Head Post office"
"25766",76.291341,12.356247,"2447950957",2005,"post_office","Post Office Kattemalalawadi"
"25836",73.814668,18.5019716,"2455119461",2005,"post_office","Kothrud Post Office"
"25908",77.2853041,17.180274,"2460055112",2005,"post_office","Post Office"
"26059",78.264557,17.5347832,"2465628598",2005,"post_office","patancheru post office"
"26110",77.6290832,12.9170758,"2471287781",2004,"post_box",NA
"26167",77.7322509,13.0319594,"2475301934",2005,"post_office","Virgonagar Post Office"
"26246",75.6513018,30.5545887,"2482071075",2005,"post_office","post office"
"26516",76.6570177,16.1960451,"2498049666",2005,"post_office","Hutti Post Office"
"26629",77.6777437,12.9141805,"2509413024",2005,"post_office","DTDC Courier"
"26642",79.4170287,12.2523072,"2510259026",2005,"post_office","Gingee Post Office"
"26835",84.8126105,19.3076793,"2527910092",2004,"post_box",NA
"26870",72.6012095,22.9988093,"2529047726",2005,"post_office","Rambaug Post Office"
"26913",75.6399896,31.5534154,"2531862874",2005,"post_office","Bhogpur Post Office"
"26943",76.853733,9.0369426,"2533696504",2005,"post_office","Post Office"
"26967",79.522165,10.7024145,"2535288039",2005,"post_office","Koothanallur Post Office"
"26970",79.5143288,10.7138985,"2536017591",2005,"post_office","Lekshmangudi Post Office"
"26994",78.4004185,17.3224187,"2539488145",2005,"post_office",NA
"26995",78.4030475,17.3124531,"2539489007",2004,"post_box",NA
"26999",75.3634308,12.274667,"2540798257",2004,"post_box",NA
"27024",78.4004739,17.3224862,"2542618246",2004,"post_box",NA
"27200",72.920506,20.1239342,"2564046813",2005,"post_office","Talasari Post Office"
"27277",91.1948932,23.4631359,"2572727632",2005,"post_office","ChowkBazar Post Office"
"27280",78.4442283,17.4360917,"2572745837",2004,"post_box",NA
"27584",76.8472237,9.0247293,"2581151638",2005,"post_office","Kunnikode Post"
"27607",76.6782455,9.7095423,"2582308442",2005,"post_office","Head Post Office Pala"
"27613",76.6595952,9.70298,"2582328683",2005,"post_office","Puliyanoor Post Office"
"27643",77.3847833,16.6917077,"2583469307",2005,"post_office","Post office"
"27651",77.8115501,14.1547129,"2584525785",2005,"post_office","Post Office"
"27658",88.7276382,26.5210417,"2584966262",2005,"post_office","Head Post Office, Jalpaiguri"
"27704",80.2589865,13.0231941,"2587530812",2005,"post_office","Ramakrishna Nagar"
"28504",77.4314553,8.1866946,"2592832629",2005,"post_office","Nagercoil HPO"
"28506",77.4317834,8.1837592,"2592845012",2005,"post_office",NA
"28511",77.5412781,8.1099202,"2593017330",2005,"post_office","Mahadanapuram"
"28705",77.7173662,12.962985,"2607682017",2005,"post_office","DHL Bluedart"
"28724",76.6801385,12.4247827,"2612969886",2004,"post_box",NA
"28725",76.6543494,12.3103837,"2612971802",2004,"post_box",NA
"28744",76.6830393,11.4605931,"2614109776",2005,"post_office",NA
"28810",76.2413009,9.9655825,"2616005753",2004,"post_box",NA
"28829",75.9163664,14.4581069,"2616956658",2005,"post_office","C.G Hospital Post Office"
"28886",77.5819211,12.8913374,"2621193739",2004,"post_box",NA
"28888",77.5831677,12.8834083,"2621204390",2004,"post_box",NA
"29086",76.77329,30.7516811,"2623398630",2005,"post_office","Post Office Sector 15"
"29285",77.6913568,12.8149337,"2625813350",2005,"post_office","Bommasandra Post Office"
"29458",72.7522343,21.1402274,"2630752134",2005,"post_office",NA
"29467",72.78611,21.1672401,"2630973228",2005,"post_office",NA
"29632",73.9196306,15.3009474,"2634447594",2005,"post_office",NA
"29668",77.0812285,16.6454511,"2634802358",2004,"post_box","Post Office"
"29767",76.881321,16.604669,"2635030517",2005,"post_office","Post Office"
"29768",76.8528727,16.6307066,"2635030518",2005,"post_office","Post Office"
"30379",77.3927618,23.2129562,"2651562884",2005,"post_office","Nehru Nagar Post Office"
"30607",75.3177052,12.2259822,"2660064142",2005,"post_office","Postoffice"
"30667",75.8314952,11.4204589,"2661740064",2005,"post_office","Nanminda Post Office"
"30852",75.4741786,30.7935972,"2673129746",2005,"post_office","Head Post Office"
"30919",91.2788349,23.8296712,"2680153498",2005,"post_office","Agartala Head Post Office"
"30944",91.2817821,23.8416997,"2681660138",2005,"post_office","Lake Chowmohani Post Office"
"31006",94.5188251,26.3247553,"2683567625",2005,"post_office","Mokokchung Post Office"
"31138",77.3208347,28.4357082,"2694634613",2005,"post_office","Post Office"
"31210",75.894809,11.1319362,"2700924186",2005,"post_office","Calicut University"
"31256",76.2823343,9.9766463,"2703730799",2005,"post_office","College Ground Post Office"
"31299",77.6310198,12.9067131,"2706909234",2005,"post_office","Bommanahalli"
"31423",77.9887123,16.7397176,"2710804141",2005,"post_office","ramnagar post office"
"31523",76.3853761,9.4934122,"2712308783",2005,"post_office","Kuttamangalam PostOffice"
"31550",78.0225339,15.8260561,"2712516529",2005,"post_office","SAP Camp Post Office"
"31713",79.5327419,17.9994387,"2713952067",2005,"post_office","Post Office"
"31891",75.8698114,11.0895102,"2715639933",2005,"post_office","kodakkd Post Office"
"31899",88.4684536,23.4647052,"2716547923",2005,"post_office","Dalimoula Post Office"
"31996",77.5915221,12.9772393,"2722800863",2005,"post_office","High Court Post Office"
"32047",77.5854643,12.9366237,"2727216487",2005,"post_office","Madhavan Park"
"32048",77.5855576,12.9366244,"2727216490",2004,"post_box",NA
"32051",77.585232,12.9403807,"2727229642",2004,"post_box",NA
"32076",82.7721872,24.1810236,"2731992834",2005,"post_office","Kakri PO"
"32084",80.236727,26.5120472,"2734619341",2005,"post_office",NA
"32090",76.3216183,32.2110284,"2735616666",2005,"post_office","Dharamshala HPO"
"32099",78.3284983,30.1234531,"2739439822",2005,"post_office","Laxman Jhula Post Office"
"32122",82.0027989,16.5767361,"2745108682",2005,"post_office","Post Office"
"32177",80.1390867,17.249425,"2763475227",2005,"post_office","Parcel Office"
"32182",78.439501,30.7270425,"2764205173",2005,"post_office","Post Office"
"32213",80.2359547,13.0404986,"2775749705",2005,"post_office","Thyagaraya Nagar Post office"
"32490",73.9309252,15.3495594,"2782653628",2005,"post_office","Verna Post Office"
"33763",73.8989905,15.4262894,"2792180110",2005,"post_office","Agaçaim Post Office"
"34184",88.3549297,22.5588995,"2814549255",2005,"post_office","New Market"
"34187",86.0986208,19.890396,"2815695781",2005,"post_office",NA
"34418",76.6328548,8.9154218,"2848380997",2005,"post_office","Karikode Post Office"
"34443",75.7013208,13.843407,"2850589193",2004,"post_box",NA
"34493",76.5304309,9.6599118,"2854340042",2005,"post_office",NA
"34516",73.8456391,18.5130366,"2858176215",2004,"post_box",NA
"34603",77.5921023,12.9680121,"2872076318",2005,"post_office","Sampangi Rama Nagar Post Office"
"34618",74.8375497,12.8585133,"2878223049",2005,"post_office","Mangalore Head Post Office"
"34801",76.7852177,8.661151,"2900338496",2005,"post_office","Chirayinkeezhu Post Office"
"34826",78.2562306,12.9533128,"2902373390",2005,"post_office","Sub Post Office, Oorgaum"
"34830",76.3849759,12.0269105,"2902462404",2005,"post_office","Post office, Tumsoge"
"34886",74.6373875,25.3330104,"2904799791",2005,"post_office","India Post, Shatsri Nagar, Bhilwara"
"34911",74.6414768,25.3435124,"2905686901",2005,"post_office","Nagori Garden"
"34953",74.6366356,25.3434103,"2907823334",2004,"post_box","Head Post Office, Bhilwara"
"35053",85.3234752,23.3706308,"2910353060",2005,"post_office","Ranchi GPO"
"35129",76.7503221,9.4940958,"2914209217",2005,"post_office","Manimala Post Office"
"35131",77.5380846,12.9650696,"2914229342",2005,"post_office","Hampi Nagar Post Office"
"35211",76.6663231,9.4028152,"2917397989",2005,"post_office","Vennikulam Post Office"
"35273",76.6293303,9.7449949,"2920727729",2004,"post_box","Post Box Palackattumala Vayana Sala"
"35421",77.8940512,29.8637836,"2932748672",2005,"post_office","POST OFFICE IITR"
"35597",76.9102921,16.5038903,"2935138452",2005,"post_office","Post Office"
"35747",77.1574257,28.691496,"2942673639",2005,"post_office","Keshav Puram Post Office"
"35888",75.0187869,15.4394174,"2960537113",2005,"post_office","Vidyagiri Post Office"
"35897",78.3441195,12.7471156,"2961083535",2005,"post_office",NA
"35981",77.0388668,16.6487452,"2965628779",2005,"post_office",NA
"36079",75.441525,12.5947186,"2977881816",2005,"post_office","Doddathota Sub Post Office"
"36080",75.4415314,12.5947186,"2977906632",2004,"post_box",NA
"36164",76.3901787,9.7499009,"2987876290",2005,"post_office","Head Post Office"
"36242",75.7698029,11.2822053,"2997657533",2005,"post_office",NA
"36379",77.1182488,28.7476158,"3012839378",2005,"post_office","DCE Post Office"
"36488",77.5981746,12.8903684,"3019860790",2004,"post_box",NA
"36499",77.5949745,12.9065663,"3022109716",2004,"post_box",NA
"36510",77.5962584,12.910453,"3024935600",2004,"post_box",NA
"36553",75.8907776,11.5520134,"3028236962",2005,"post_office","Kakkayam post office"
"36558",75.8421043,11.5401179,"3028236971",2005,"post_office","Koorachundu post office"
"36612",77.0029873,8.6059764,"3031830345",2005,"post_office","Nedumangad Post Office"
"36778",84.8673148,22.2576072,"3060816486",2005,"post_office",NA
"36790",85.6279899,20.8289638,"3062800465",2005,"post_office","Post Office"
"36844",77.9967113,30.3457056,"3068363486",2004,"post_box",NA
"37401",78.000853,27.1857069,"3078045584",2005,"post_office",NA
"37417",78.0108163,27.2245101,"3079646667",2005,"post_office","DAYAL BAGH,AGRA"
"37481",76.5481328,15.0893528,"3081429539",2005,"post_office",NA
"37536",76.0433636,10.594556,"3084213622",2005,"post_office","Guruvayur post office"
"37725",80.1942323,12.9272104,"3097003000",2005,"post_office","Medavakkam Post office"
"37785",77.9574596,27.2122666,"3101455230",2005,"post_office","post office,sikandra"
"37883",77.1756616,32.2564623,"3110703175",2004,"post_box",NA
"38147",79.0564196,21.1486934,"3143194351",2005,"post_office","India Post - Ravi Nagar Sub - Post Office"
"38178",79.1115168,21.1186978,"3148798548",2005,"post_office","Post Office Ayodhya Nager"
"38270",76.9261593,15.1435864,"3155683475",2005,"post_office","Head Post Office"
"38285",78.0071627,32.3321491,"3155759225",2005,"post_office","Kibber"
"38343",79.7561665,11.4898105,"3158504453",2005,"post_office",NA
"38413",76.3506927,15.2665339,"3164910562",2005,"post_office","T B Dam Post Office"
"38547",70.4054857,20.8867459,"3179784278",2005,"post_office",NA
"38616",76.3906937,15.2713757,"3191089092",2005,"post_office","Hosapete Post Office"
"38617",76.3956985,15.2664728,"3191111029",2005,"post_office","JP Nagar Post Office"
"38687",86.869536,23.1513392,"3198072925",2005,"post_office","baga post office"
"38799",77.4661628,8.1571873,"3202616748",2005,"post_office","Suchindram"
"38931",72.9010082,19.06298,"3205966899",2005,"post_office","Chembur Railway Station Post Office"
"38950",79.6922518,11.4029503,"3206090441",2005,"post_office","Chidambaram Head Post Office"
"39038",72.9193445,19.1294221,"3213644623",2004,"post_box",NA
"39078",72.9059787,19.0680855,"3215215614",2004,"post_box",NA
"39133",76.3953336,14.7588508,"3217194801",2005,"post_office","Suladahalli Post Office"
"39191",77.5896587,12.9065396,"3221380823",2005,"post_office","FedEx"
"39196",77.5951113,12.9138048,"3221387168",2004,"post_box","Post Office"
"39264",72.9600414,19.1707616,"3226297458",2005,"post_office","Post Office"
"39266",72.9560753,19.1738191,"3226348359",2005,"post_office","Dhanamabhuvan Post Office"
"39276",77.5804788,12.9065306,"3226825476",2004,"post_box",NA
"39305",74.9699892,20.060978,"3230903961",2005,"post_office","post office"
"39340",76.6163241,12.3137423,"3232422633",2005,"post_office",NA
"39354",77.7054349,12.9353684,"3233872833",2005,"post_office","Panathuru Post Office"
"39362",72.9536582,19.1703309,"3234610940",2005,"post_office","Post Office"
"39391",77.6755039,12.929978,"3236418370",2005,"post_office","Bellanduru Post Office"
"39503",75.6074402,20.4383666,"3240593821",2005,"post_office","pawar"
"39563",80.6418447,16.5408542,"3244061726",2005,"post_office","Azith Singh Nagar Post Office"
"39573",73.9504888,15.2065026,"3244405097",2005,"post_office",NA
"39627",78.4623737,17.4068473,"3249112570",2005,"post_office","Khairatabad Post Office"
"39653",73.8119135,15.4716475,"3250332360",2005,"post_office",NA
"39680",77.2130306,28.6398522,"3250377461",2005,"post_office","Pahar Ganj 110055"
"39691",88.4349577,23.2477147,"3250621405",2005,"post_office","Santipur"
"39707",77.6778071,27.4895961,"3251600431",2004,"post_box",NA
"39766",75.8007831,26.9095963,"3257769065",2004,"post_box",NA
"39866",73.739691,15.6366366,"3264649975",2005,"post_office","Morjim Branch Post Office"
"39899",74.5561788,26.4894364,"3266672904",2005,"post_office","Pushkar Bazar Post Office"
"39907",75.8859942,22.758943,"3267733082",2005,"post_office","Vijaynagar Post Office"
"39986",73.6801834,24.5797601,"3273033341",2004,"post_box",NA
"39987",73.6837735,24.5782975,"3273037648",2005,"post_office",NA
"40072",76.7663211,9.5179707,"3276222979",2005,"post_office","Kavumbhagam"
"40076",72.8315486,18.9205746,"3276571075",2005,"post_office","Taj Mahal Sub Post Office 400001"
"40149",74.0493324,15.0070016,"3285646705",2005,"post_office","Canacona 403702"
"40170",72.8815523,19.0835165,"3289527237",2005,"post_office","Speed Post"
"40320",71.0243462,20.7503314,"3296283180",2005,"post_office",NA
"40351",71.820762,21.5218107,"3297005855",2005,"post_office",NA
"40380",70.0321465,23.1090611,"3299344223",2005,"post_office",NA
"40409",76.6534313,12.3089916,"3301974476",2004,"post_box",NA
"40412",76.6526381,12.3097647,"3301976853",2004,"post_box",NA
"40436",77.597431,12.9487986,"3302507156",2005,"post_office","Wilson Garden"
"40440",71.4666011,22.98895,"3303104608",2005,"post_office",NA
"40469",76.6511277,12.3066537,"3303963206",2004,"post_box",NA
"40570",75.3254021,19.8887606,"3306484896",2005,"post_office",NA
"40573",75.7034957,20.5508732,"3306485796",2004,"post_box",NA
"40596",72.8305787,18.9278633,"3306535085",2005,"post_office",NA
"40641",79.8305197,11.9324827,"3309135916",2004,"post_box",NA
"40642",79.8346062,11.9363588,"3309135917",2005,"post_office",NA
"40713",88.2651802,27.0426621,"3319008408",2005,"post_office","Post Office"
"40751",85.1681543,19.7815927,"3327212980",2005,"post_office","Banpur"
"40782",79.9808001,14.4518718,"3330110669",2005,"post_office","Head Post Office"
"40788",70.4610385,21.5191409,"3332431542",2005,"post_office","G.P.O."
"40920",73.7169872,19.99014,"3348077229",2005,"post_office","Post Office Ashoknagar"
"40965",74.8887253,12.8558798,"3351166899",2005,"post_office","Bajalu Post Office"
"40969",74.853569,12.853425,"3351186348",2005,"post_office","India Post"
"41075",76.7204213,9.2657337,"3355427186",2005,"post_office","Muttathukonam North Sub Post Office"
"41265",77.6435288,12.9757769,"3370005706",2004,"post_box",NA
"41270",77.6392402,12.9818761,"3370023217",2005,"post_office","First Flight Couriers Ltd."
"41272",77.6392319,12.9817781,"3370023222",2005,"post_office","The Professional Couriers"
"41319",77.6410162,12.9815418,"3370230950",2005,"post_office","India Post"
"41368",76.9297379,16.5526159,"3372777367",2005,"post_office","Post Office"
"41386",76.9556799,16.536304,"3372824427",2005,"post_office","Post Office"
"41461",76.958575,16.562367,"3376096076",2005,"post_office","Post Office"
"41476",80.2864614,13.0798848,"3376338617",2004,"post_box",NA
"41486",80.2545041,13.0596557,"3377475237",2004,"post_box",NA
"41488",80.2630832,13.0623192,"3377475297",2004,"post_box",NA
"41630",77.020526,16.5136222,"3382406053",2005,"post_office","Post Office"
"41644",79.8186205,11.9210509,"3384378587",2005,"post_office","Blue Dart Express"
"41676",76.5273561,31.709716,"3387162905",2005,"post_office",NA
"41719",78.4117491,17.4838684,"3388754888",2005,"post_office","kukatpally post office"
"41744",78.5688683,17.4707027,"3388888033",2005,"post_office","ecil post office"
"41882",78.3920562,17.4928944,"3390942268",2005,"post_office","jntu post office"
"42036",72.9552632,18.330423,"3399351388",2005,"post_office","Speed Post"
"42136",77.7081364,29.0638015,"3407315610",2005,"post_office","Modipuram Post Office"
"42347",74.8399916,12.9271964,"3424028684",2005,"post_office","Panjimogaru Post Office"
"42386",83.0778299,26.3060617,"3429838092",2005,"post_office","Rajesultanpur Post Office"
"42492",76.720741,10.5526741,"3441406692",2005,"post_office",NA
"42495",76.5938444,8.8858548,"3446111685",2005,"post_office","Kollam RMS"
"42532",88.8105077,24.0319154,"3448195776",2005,"post_office","KhasMathurapur Post office"
"42558",77.5804687,12.9172738,"3450259414",2004,"post_box",NA
"42690",88.4147984,22.9420463,"3454989778",2005,"post_office","Halisahar Post Office"
"42726",79.5154825,11.6103329,"3458640714",2005,"post_office",NA
"43135",74.579157,31.6056264,"3507924203",2005,"post_office","Atari Road Check Post 143108"
"43232",76.3342384,32.2441451,"3512712995",2005,"post_office","Bhagsu Post 176219"
"43683",91.8960184,25.5714452,"3538234824",2005,"post_office",NA
"43695",77.5342727,13.0345353,"3541170087",2004,"post_box",NA
"43711",77.5252069,13.0359609,"3541202421",2005,"post_office","First Flight Couriers"
"43726",78.1701937,11.2154829,"3541597694",2005,"post_office","Head Post Office"
"43727",78.171716,11.216371,"3541597695",2005,"post_office","The Professional Couriers"
"43728",78.1392408,11.0617676,"3541601754",2005,"post_office","The Professional Couriers"
"43731",78.168588,11.223805,"3541606224",2005,"post_office","Blue Dart"
"43732",78.1647737,11.2282977,"3541606225",2005,"post_office","DTDC Courier and Cargo"
"43940",76.9425175,17.121878,"3555550939",2005,"post_office","Post Office"
"44023",77.6399478,12.9817047,"3556364747",2005,"post_office",NA
"44029",76.8567325,9.060111,"3556428762",2005,"post_office","Avaneewaram PO"
"44171",85.8163419,20.2546164,"3582479893",2005,"post_office","Airport Sub Post Office"
"44187",74.9862325,15.4379596,"3583128304",2005,"post_office",NA
"44318",84.4570005,26.3155086,"3596201943",2005,"post_office","Barharia Post Office"
"44326",79.8198727,11.9554666,"3596897330",2005,"post_office","Lawspet Post Office"
"44374",72.8374145,20.4172444,"3600626094",2005,"post_office","Nani Daman Post Office"
"44409",88.5253441,22.9531346,"3604060624",2005,"post_office","Mohanpur"
"44506",76.2097726,10.4366139,"3619281331",2005,"post_office","CHERPU POST OFFICE"
"44527",74.4930052,28.4408945,"3621238656",2005,"post_office","Post Ofice"
"44776",76.9379495,11.9315941,"3624346362",2005,"post_office","Chamarajanagara Head Post Office"
"44813",77.5480778,34.5519251,"3627343998",2005,"post_office","India Post"
"44865",78.8188355,10.7607794,"3632292796",2004,"post_box","India Post"
"44866",78.8189529,10.7607947,"3632292797",2005,"post_office","India Post"
"44989",73.7617801,20.006122,"3640271044",2005,"post_office","College Road Post Office"
"45104",87.9245156,22.2030115,"3645851587",2005,"post_office","Nandakumar Post Office"
"45471",76.0110368,11.7507601,"3652542672",2005,"post_office","Kelloor Post Office"
"45501",77.2744662,8.2813418,"3653672504",2005,"post_office","Kattathurai Post Office"
"45683",76.379325,10.7709416,"3662011092",2005,"post_office","Post Office"
"45691",76.4208254,10.8294215,"3662073372",2005,"post_office","Post Office"
"45697",76.4118367,10.8312191,"3662902731",2005,"post_office","Post Office"
"45783",76.4420427,10.8345159,"3663966545",2005,"post_office",NA
"45799",80.1044592,22.4286439,"3664003158",2005,"post_office","Nainpur Post Office"
"45826",82.2349585,16.9550929,"3665377526",2005,"post_office","Head Post Office"
"45832",75.923968,31.527722,"3665556384",2005,"post_office","Head Post office Hoshiarpur"
"45877",76.8663042,11.4269421,"3668093723",2005,"post_office",NA
"45921",76.2175732,10.1879911,"3670640256",2005,"post_office","Gothuruth Post Office"
"45923",76.2247165,10.1785178,"3670650901",2005,"post_office","Vadakkumpuram Post Office"
"45924",75.5811046,31.3232294,"3670662320",2005,"post_office","Head Post Office Jalandhar"
"45927",74.9488838,30.2046494,"3670675072",2005,"post_office","Head Post Office Bathinda"
"45961",75.6347497,32.280689,"3673119599",2005,"post_office","Sub Post Office Pathankot"
"45976",85.1558315,25.6198931,"3674623719",2005,"post_office","Bankipur Post Office"
"45995",76.2196734,10.1509787,"3675362236",2005,"post_office","North Paravur Market Post Office"
"46009",76.335551,10.1229355,"3676241136",2005,"post_office","uc college"
"46166",84.4507602,26.3433938,"3679735835",2005,"post_office","Madhopur Post Office"
"46181",77.4059222,23.2171302,"3680461616",2005,"post_office",NA
"46192",86.2060312,22.7617096,"3681626476",2005,"post_office","tatanagar post office"
"46200",80.2302605,13.0519299,"3681860149",2005,"post_office","Kodambakkam Post Office"
"46202",76.530156,30.9664411,"3681886332",2005,"post_office","Head Post Office, Ropar / Rupnagar"
"46321",78.7753025,10.7853295,"3686969884",2005,"post_office","DTDC courier"
"46357",78.7756621,10.7845981,"3686978638",2005,"post_office",NA
"46506",76.9045061,8.5462038,"3695704808",2005,"post_office",NA
"46815",73.8196472,18.5115141,"3708791476",2005,"post_office","Paud Road Post Office"
"46993",74.7552978,13.3886604,"3721842974",2005,"post_office","Thenkabettu Post Office"
"46998",74.7497108,13.3976363,"3721851067",2005,"post_office","Uppuru Post Office"
"47218",78.7929444,10.7766906,"3730099491",2005,"post_office",NA
"47242",78.7388497,10.8032519,"3730202097",2005,"post_office",NA
"47308",75.7741486,13.3273822,"3731897207",2005,"post_office","Post office"
"47333",74.8344334,14.61548,"3732527623",2005,"post_office","Main Post Office"
"47377",78.7750488,10.7864807,"3734782483",2005,"post_office","First Flight Courier"
"47509",75.2625184,26.878331,"3748791510",2005,"post_office",NA
"47555",76.9334229,10.5812571,"3751881937",2005,"post_office","Post Office"
"47571",75.7847075,11.3272447,"3753039037",2005,"post_office","Makkada Post office"
"47647",77.6426109,12.9685186,"3756794098",2005,"post_office","Indiranagar Post Office"
"47775",73.0731995,19.0540771,"3761186743",2005,"post_office","DTDC"
"47787",77.5885998,12.9769309,"3761261084",2005,"post_office","India Post"
"47831",77.6599587,12.958884,"3761490986",2005,"post_office","Blue Dart"
"47851",75.8199718,11.6430079,"3762409779",2005,"post_office","Vannathichira Post Office"
"47869",75.5664187,11.8564419,"3763342175",2005,"post_office","Nirmalagiri Post Office"
"47953",74.0046456,15.3991819,"3766893593",2005,"post_office","Ponda Post Office"
"47993",77.9835404,27.1785135,"3769977438",2005,"post_office",NA
"48017",75.4938836,12.0897834,"3773156169",2005,"post_office","Chembanthotti"
"48226",76.7199382,8.7592312,"3785945195",2005,"post_office","Pullannicode Post Office"
"48350",73.9230778,15.2789557,"3799318430",2005,"post_office","Colva Post Offie"
"48358",73.7648504,15.5452269,"3799318439",2004,"post_box",NA
"48455",76.8493331,9.3673646,"3804569258",2004,"post_box","Post Office Perinadu"
"48486",77.6184858,12.9721557,"3805426547",2005,"post_office","Professional Couriers"
"48589",77.6863358,12.9316927,"3806988604",2005,"post_office","DTDC Couriers"
"48620",77.0687125,9.4130711,"3808120949",2004,"post_box","Police Station"
"48703",78.3031597,30.1161073,"3810076824",2005,"post_office","Munikireti sub post office"
"48711",78.3215011,30.1280164,"3810078052",2005,"post_office","Tapovan post office"
"48750",76.8706974,9.4934442,"3810993807",2004,"post_box",NA
"48776",76.8820379,9.4238652,"3812212617",2004,"post_box",NA
"48873",78.3152712,30.121604,"3815895273",2005,"post_office","Ram Jhula post office"
"48897",77.0719303,9.5263225,"3816538212",2004,"post_box",NA
"48940",77.0391009,9.5795804,"3816579607",2004,"post_box",NA
"48989",76.9260784,9.5530757,"3816675214",2004,"post_box",NA
"49078",86.3654487,23.3318697,"3822503467",2005,"post_office",NA
"49125",78.1605683,12.1334255,"3826846202",2005,"post_office",NA
"49204",77.5819902,12.9370584,"3832812311",2005,"post_office","Blue Dart-DHL Couriers"
"49374",76.2270394,10.1449946,"3844214307",2005,"post_office","Paravur Town"
"49405",77.6151783,12.9747756,"3846349182",2005,"post_office","Shree Maruti Courier"
"49467",77.6446226,12.9702415,"3851909916",2005,"post_office","Blue Dart- DHL"
"49482",77.6598941,12.9587335,"3853996383",2005,"post_office","DTDC Couriers"
"49483",77.6600138,12.9587325,"3853996384",2005,"post_office","Professional Couriers"
"49488",77.6528986,12.9591948,"3854020349",2005,"post_office","FedEx"
"49618",72.8706651,19.1389282,"3862553558",2005,"post_office",NA
"49741",75.5773933,11.7590267,"3876855991",2005,"post_office","Panoor Post Office"
"49814",91.5626564,23.3111805,"3884237637",2005,"post_office","santirbazar post office"
"49851",77.636203,12.974595,"3891289957",2005,"post_office","Blue Dart / DHL"
"50018",76.8026713,11.3493485,"3901557895",2005,"post_office",NA
"50104",76.9478404,8.5095043,"3906860711",2005,"post_office","Women PO"
"50145",85.0970184,25.6198921,"3909484606",2005,"post_office","Keshri Nagar Post Office"
"50163",75.0792249,15.3944753,"3910940454",2005,"post_office","Navanagar"
"50208",92.8017804,24.8303042,"3913077645",2005,"post_office","Silchar HPO"
"50222",83.3389504,17.7335441,"3913957353",2005,"post_office","post office"
"50370",84.9932118,24.6965561,"3923360926",2005,"post_office","Bodhgaya Post Office"
"50397",80.9242449,26.8482074,"3926829700",2005,"post_office","Aminabad Post Office"
"50772",75.930247,11.3197121,"3949407659",2005,"post_office","NIT campus post office"
"50804",76.3232687,9.4816605,"3951421193",2005,"post_office","Alappuzha Railway Mail Service"
"50850",77.5138097,12.8228206,"3954658157",2005,"post_office","Udayapura Post Office"
"50929",74.3204319,14.5434872,"3959961396",2005,"post_office","Post Office"
"50934",76.9777193,9.6334671,"3960117258",2005,"post_office","Post Office"
"50935",76.322218,9.4952781,"3960204907",2005,"post_office","Alappuzha Bazar Post Office"
"50953",77.891936,11.150344,"3961382561",2005,"post_office","Jedarpalayam Post Office"
"51036",76.3281178,9.4927256,"3966779805",2005,"post_office","Collatroate"
"51139",79.5316863,11.6215787,"3979130644",2005,"post_office",NA
"51450",77.0046758,9.0030857,"3997798705",2005,"post_office","Anapettapongal"
"51651",73.8325485,15.4992739,"4014268906",2005,"post_office",NA
"51760",73.7144248,15.6907279,"4029337808",2005,"post_office","Arambol Post Office"
"51835",80.2307657,13.1003601,"4035134512",2005,"post_office","Ayanavaram Post office"
"51853",76.9443151,11.0813416,"4036175829",2005,"post_office","Thudiyalur Post Office"
"51976",78.6064631,20.7423223,"4045196113",2005,"post_office","Head Post Office Wardha"
"52038",76.5217944,9.591258,"4047071355",2005,"post_office","Kottayam Main Post Office"
"52045",76.5310709,9.5949314,"4047071375",2005,"post_office","RMS Kottayam"
"52070",76.5308261,9.6181063,"4047406264",2005,"post_office","Kumaranalloor Post Office"
"52147",76.6100424,9.6851864,"4051315357",2005,"post_office","Post Office Kidangoor"
"52364",80.0490384,15.5004773,"4064444862",2005,"post_office","HEAD Post Office"
"52397",88.2234897,22.76342,"4068001218",2005,"post_office","Gangadharpur Post Office"
"52402",78.584682,20.7677252,"4069382290",2005,"post_office","Post Office"
"52430",77.0506999,28.4170701,"4071085016",2005,"post_office","South City II Post Office"
"52433",77.2179338,28.6328773,"4071875072",2005,"post_office",NA
"52832",77.7898835,12.5260156,"4101562813",2005,"post_office","INDIA POST"
"52886",77.6418147,12.9793082,"4102107046",2005,"post_office","DTDC Couriers"
"53087",79.6426577,16.5351571,"4111025289",2004,"post_box","Jangamaheshwarapuram"
"53089",73.9776181,15.2106433,"4111031490",2005,"post_office","Post Office"
"53103",76.2992057,9.966479,"4111552458",2005,"post_office","Kadavanthra Post Office (Sub Office)"
"53225",73.9711917,15.1803784,"4115433897",2005,"post_office",NA
"53265",76.3239077,10.1911529,"4118630790",2005,"post_office","parakkadavu post office"
"53266",76.3302644,10.1792501,"4118630890",2005,"post_office","kurumassery post office"
"53322",77.2091588,28.6281407,"4122564392",2004,"post_box",NA
"53591",74.4617214,24.5004826,"4140315862",2005,"post_office","bhatoli"
"53592",74.4619358,24.5000078,"4140358493",2004,"post_box","bhatoli Br"
"53711",79.1366453,25.2463668,"4152469222",2005,"post_office","Mauranipur Postoffice"
"53831",78.5669987,25.4488857,"4158901191",2005,"post_office","MB Chauraha post office"
"53874",81.857905,25.4381821,"4162218589",2005,"post_office","new bairahana post office"
"53946",77.2464706,28.5122445,"4167190521",2004,"post_box",NA
"53957",73.7493531,15.5831163,"4167999108",2005,"post_office","Anjuna Post Office"
"54016",77.5952901,12.981327,"4172589889",2005,"post_office","Bangalore Foriegn Sub Post Office"
"54250",73.8322794,15.4991295,"4181108305",2005,"post_office","Speed Post"
"54254",80.2883377,13.08881,"4182330390",2004,"post_box","Post Box"
"54363",78.4733021,17.4075241,"4187300503",2004,"post_box",NA
"54388",78.5544022,25.4434812,"4188526391",2005,"post_office","jhansi Railway Station post office"
"54590",77.8477718,10.8518999,"4199789989",2005,"post_office","India Post"
"54675",88.3477532,22.5729578,"4209577083",2005,"post_office","General Post Office"
"54757",78.077176,30.4563585,"4212015775",2005,"post_office","India Post"
"54793",76.6442862,9.7485791,"4213639283",2005,"post_office","Valavoor"
"54801",76.9163932,8.5517185,"4213996389",2005,"post_office","Sreekaryam Post Office"
"54830",82.9866483,25.3269315,"4216722092",2005,"post_office","Post Office Railway Mail Buss"
"55060",78.5753687,25.4407833,"4231973089",2005,"post_office","Jhansi HPO"
"55350",76.9456475,13.2943363,"4244461246",2005,"post_office","Chikkonahalli Post Office"
"55352",76.9246163,13.3090894,"4244461248",2005,"post_office","Herur Post Office"
"55364",76.2616928,10.5359004,"4245793083",2005,"post_office","Mannuthy Post Office"
"55471",73.96927,15.271773,"4247919889",2005,"post_office","Aquem Post Office"
"55484",83.3768003,18.7531798,"4248070620",2005,"post_office","Post Office"
"55566",76.1794907,10.5093457,"4250487772",2005,"post_office",NA
"55665",76.120823,10.6185374,"4252150487",2005,"post_office",NA
"55940",73.806046,15.459794,"4259930392",2005,"post_office","Dona Paula Post Office"
"56200",74.10746,15.260755,"4269340989",2005,"post_office","Curchorem post office"
"56244",70.0713071,22.4614619,"4269779337",2005,"post_office",NA
"56268",76.3545838,10.1556522,"4270144989",2005,"post_office","athani"
"56278",75.9247404,14.4607038,"4270232592",2005,"post_office","KB Extension Post Office"
"56308",86.9238099,21.5012299,"4271025790",2005,"post_office","HPO  Baleswar"
"56554",78.6981466,12.8164305,"4277750196",2005,"post_office","Mittalam"
"56557",77.8581882,16.5253153,"4277766833",2005,"post_office","Kaukuntla Post Office"
"56628",73.931098,15.258802,"4280408494",2005,"post_office","Post office Benaulim"
"56662",73.94625,15.58956,"4281454393",2005,"post_office","Post office Bicholim"
"56668",76.7888417,12.1813898,"4281557989",2005,"post_office","Hosakote Branch Post Office"
"57074",73.82609,15.506124,"4288277193",2005,"post_office","Betim Post office"
"57099",72.3987837,23.6136333,"4288422107",2005,"post_office","head post"
"57214",73.966526,15.678524,"4290804392",2005,"post_office","Post Office Dodamarg"
"57264",76.3357401,10.0153155,"4292013890",2005,"post_office","padamugal"
"57269",80.9463055,26.8444258,"4292015690",2005,"post_office","GPO"
"57318",76.1044581,10.7511436,"4292151989",2005,"post_office","vattathaani"
"57347",73.809213,15.590747,"4292650796",2005,"post_office","Mapusa Post Office"
"57594",73.974117,15.4425,"4294197089",2005,"post_office","Mardol Post Office"
"57634",73.788797,15.408287,"4294800724",2005,"post_office","MPT Headland Sada Post Office"
"57644",77.602036,12.9816556,"4294819100",2005,"post_office","UPS Express"
"57648",73.848817,15.398057,"4294829797",2005,"post_office","Chicalim Post Office"
"57687",73.96192,15.29098,"4295640589",2005,"post_office","Fatorda Sub Post Office"
"57757",73.922383,15.313633,"4296327409",2005,"post_office","Majorda Post Office"
"57761",73.795065,15.715051,"4296328691",2005,"post_office","Post Office Pernem"
"57808",72.3786434,23.59519,"4296617655",2005,"post_office","DTDC"
"57811",72.3796815,23.5957242,"4296617695",2005,"post_office","maruti courier"
"57822",72.3787304,23.5947558,"4296618080",2005,"post_office","Mahabali courier balaji"
"57990",74.08063,15.36057,"4297612789",2005,"post_office","Nirankal Post Office"
"58068",77.6767516,12.9264128,"4298701461",2005,"post_office","DTDC"
"58099",77.6016812,12.9825866,"4299314864",2005,"post_office","Blue Dart - DHL"
"58121",78.1598814,11.6533557,"4299410890",2005,"post_office","Post Office - Salem"
"58294",77.2204138,28.6319007,"4302372175",2004,"post_box",NA
"58301",73.83631,15.644673,"4302811605",2005,"post_office","India Post - Colvale, Panchayat Building"
"58332",78.1977095,11.6620247,"4302953493",2005,"post_office","Post office, K.N.Colony"
"58408",79.6096792,17.9990366,"4303716757",2005,"post_office","desaipet"
"58561",76.3294651,9.6085134,"4305674498",2004,"post_box","SN Puram"
"58562",78.4692651,17.5466073,"4305674499",2005,"post_office",NA
"58687",77.6572742,12.9591477,"4307400387",2005,"post_office","Overnite Express"
"58724",77.6099699,12.9652475,"4307589728",2005,"post_office","DTDC"
"58991",74.5848633,16.8801013,"4312471014",2005,"post_office","Karkhana Post Office"
"59105",79.5416406,14.6800584,"4315873389",2005,"post_office","Karatampadu"
"59123",76.9042641,11.0287553,"4316688218",2005,"post_office","Vadavalli Sub Post Office"
"59124",76.9353566,11.0110881,"4316688505",2005,"post_office","Post Office - Lawley Road"
"59128",77.1702409,31.1039466,"4316867993",2005,"post_office","Sub Post Office Shimla Bus Stand"
"59146",76.1726485,10.6687629,"4317084631",2005,"post_office","Post box;Telephone"
"59271",74.6141905,16.8696178,"4319141547",2005,"post_office","Kupwad Post Office"
"59288",76.1641809,10.6175816,"4319717187",2004,"post_box",NA
"59291",76.1566882,10.6399106,"4319748560",2005,"post_office",NA
"59470",74.1810799,17.2854342,"4323130806",2005,"post_office","Head Post Office Karad"
"59575",74.6511436,16.8220695,"4326510603",2005,"post_office","Miraj Post Office"
"59618",74.0069718,17.6881459,"4327639180",2005,"post_office","District Post Office"
"59721",79.1113872,21.1187448,"4330838190",2004,"post_box",NA
"59748",76.212925,10.4725967,"4332187414",2005,"post_office","POST OFFICE PALAKKAL"
"59813",73.99852,15.143724,"4333427089",2005,"post_office","Fatorpa Post Office"
"59916",75.5151875,27.474872,"4335262608",2005,"post_office","Jajod"
"60000",77.5803838,12.9735721,"4337898954",2005,"post_office","Kempegowda Road"
"60028",80.2590991,13.0710985,"4338130030",2005,"post_office","BLUE DART"
"60097",75.9536033,11.2460836,"4339623505",2005,"post_office","Vazhakkad Sub Post Office"
"60328",76.3613863,32.1876166,"4342914914",2005,"post_office","Sidhbari Post Office"
"60384",75.0062446,17.8701437,"4344177894",2005,"post_office","Post Office Yashwantnagar"
"60616",77.1897255,32.2449067,"4346771494",2004,"post_box","Post Box"
"60936",77.0928771,8.3010485,"4353390690",2004,"post_box","Pozhiyoor"
"60959",77.1109269,31.9616788,"4354423422",2004,"post_box",NA
"61377",76.5782238,18.4005152,"4364552462",2005,"post_office","Head Post Office"
"61401",77.6943446,12.9716932,"4365896504",2005,"post_office",NA
"61547",77.6063872,12.9669797,"4368861593",2005,"post_office","SME Express Courier"
"61754",79.2988342,19.9484523,"4376874214",2005,"post_office","City Post Office"
"61874",79.3119579,19.9307945,"4376905889",2005,"post_office","Babupeth post office"
"61920",76.5361561,32.1205324,"4377358430",2005,"post_office","Bandla Tea Estate Post Office"
"61977",76.6506832,10.7453523,"4379834389",2005,"post_office","Kannadi Post Office - Yakkara Branch"
"61982",81.8604542,25.3945559,"4380054891",2005,"post_office",NA
"62044",76.1234927,32.5558269,"4382034163",2005,"post_office","General Post Office Chamba"
"62167",80.2340631,12.9935056,"4385018390",2004,"post_box",NA
"62169",80.2339696,12.99354,"4385029689",2005,"post_office",NA
"62190",76.6395907,10.7309193,"4385790303",2005,"post_office","Kannadi Sub Post Office"
"62429",76.1264417,34.5594249,"4391938345",2004,"post_box",NA
"62593",77.2193168,28.628538,"4398513870",2004,"post_box",NA
"62683",76.1043751,11.1252388,"4403279125",2005,"post_office",NA
"62686",74.5671899,16.8608142,"4403808697",2005,"post_office","Sangli Head Post Office"
"62687",74.5664442,16.8609169,"4403808698",2005,"post_office","City Post Office"
"62697",74.6013449,16.847064,"4403979015",2004,"post_box","Vishrambag Post Office"
"62698",74.6166942,16.8408315,"4404015809",2004,"post_box","Wanlesswadi Post Office"
"62699",74.6537627,16.8283326,"4404015830",2004,"post_box","Bramhapuri Post Office"
"62719",80.2328333,12.904616,"4405245382",2004,"post_box",NA
"62724",74.5642635,16.8537631,"4405309893",2004,"post_box","Post Office Sangli-ST Stand Branch"
"62935",75.9051433,14.4709385,"4409704899",2005,"post_office","deverajurs post office"
"63003",75.8938407,17.6657999,"4411402985",2005,"post_office","Head Post Office , Solapur"
"63151",75.3669368,11.8748905,"4413464690",2005,"post_office","kannur"
"63174",77.1370232,32.1001634,"4414458693",2005,"post_office",NA
"63197",78.4867778,17.402401,"4415288694",2005,"post_office","post office"
"63245",78.1760212,11.3581305,"4416236995",2005,"post_office",NA
"63254",78.4911713,17.419411,"4416333695",2005,"post_office","Gandhi nagar post office"
"63374",77.9528194,9.5874646,"4419269491",2005,"post_office","Sub Post Office"
"63383",78.4917802,17.4046046,"4419279793",2005,"post_office","post office"
"63495",78.8831179,17.81461,"4421610851",2005,"post_office","Chiryal S.O"
"63498",78.8187155,17.8038908,"4421620786",2005,"post_office",NA
"63532",77.6841524,13.0198746,"4422057289",2005,"post_office","Ghar"
"63565",77.0195057,11.0314993,"4423012490",2005,"post_office",NA
"63595",78.1395768,11.4364959,"4424056589",2005,"post_office",NA
"63627",77.6042774,13.0493264,"4424584190",2004,"post_box",NA
"63660",77.0802312,28.5892881,"4425363695",2005,"post_office","Singhania Insurance & Wealth Managment"
"63790",76.4083923,10.904651,"4430231749",2005,"post_office",NA
"63796",76.4241826,10.9846737,"4430278548",2005,"post_office",NA
"63827",78.4868049,17.4023746,"4431207391",2005,"post_office",NA
"63839",79.1256481,12.8771431,"4431311189",2005,"post_office",NA
"63852",78.4867829,17.4023694,"4431984889",2005,"post_office",NA
"63856",79.0499405,10.1540897,"4432039089",2005,"post_office",NA
"63928",78.701136,10.7897763,"4433637513",2005,"post_office",NA
"63959",76.341561,10.1534366,"4434162689",2005,"post_office","Chengamanad Post Office"
"64078",76.2030218,20.8901796,"4437830990",2005,"post_office",NA
"64175",76.7585657,9.5644864,"4441468038",2005,"post_office","Ponkunnam Post Office"
"64178",72.9264656,20.6076914,"4441493591",2004,"post_box","Postoffice"
"64205",76.7804086,9.5229081,"4441871534",2005,"post_office","Chirakkadavu P.O."
"64222",76.7663732,9.5442962,"4442136018",2005,"post_office","Chirakkadavu center P.O."
"64230",77.558989,12.8964442,"4442178089",2004,"post_box","Post Office"
"64231",76.7593636,9.5366474,"4442183957",2005,"post_office","Thekkethukavala P.O."
"64234",77.0802202,28.5892805,"4442265389",2005,"post_office",NA
"64249",76.7745584,9.546839,"4443079182",2005,"post_office","Chirakkadavu East P.O."
"64326",76.9637336,11.2396349,"4443539192",2005,"post_office",NA
"64327",76.9340989,11.2561982,"4443546989",2005,"post_office",NA
"64577",76.8212246,8.602112,"4445085789",2005,"post_office","Kadinamkulam village office"
"64639",81.6361365,21.2431045,"4445126282",2005,"post_office","India post"
"64679",81.6514862,21.2543555,"4445159446",2005,"post_office","india post"
"64696",81.5772939,21.259706,"4445168424",2005,"post_office","india post"
"64701",81.6108084,21.234121,"4445173108",2005,"post_office","india post"
"64708",81.6617821,21.2538737,"4445178584",2005,"post_office","india post"
"64760",78.0502986,10.9638055,"4445254795",2005,"post_office",NA
"65887",77.6750624,12.9460162,"4447284337",2005,"post_office","DHL Courier"
"65913",75.9298852,11.0408341,"4447331038",2005,"post_office","Indian Post"
"66048",76.7556347,9.565015,"4447663281",2004,"post_box",NA
"66101",79.6641102,13.0843996,"4448581889",2004,"post_box",NA
"66147",77.9815444,17.7302464,"4448819889",2005,"post_office",NA
"66172",76.7169221,9.5547176,"4449298092",2005,"post_office","Theerthapadapuram"
"66195",76.5602713,8.9874809,"4449971693",2005,"post_office","Mukundapuram Post Office"
"66252",77.5168172,10.8785274,"4450449889",2005,"post_office",NA
"66254",77.8001886,10.9045423,"4450450089",2005,"post_office",NA
"66255",77.9795416,10.9815319,"4450450289",2005,"post_office",NA
"66256",77.0522293,10.970308,"4450450589",2005,"post_office",NA
"66285",75.0762631,20.8613237,"4451627591",2005,"post_office",NA
"66370",76.5257119,9.3414937,"4454303691",2004,"post_box","Niranam P O"
"66396",77.9801804,10.9818322,"4454741191",2005,"post_office",NA
"66416",77.6078972,12.9060218,"4455548989",2004,"post_box","BlueDart & DHL"
"66492",76.0524077,10.830139,"4456722036",2005,"post_office","Kumbidi Post Office"
"66535",83.4553189,27.4991809,"4457299489",2005,"post_office",NA
"66624",76.4266751,30.7872265,"4461143190",2005,"post_office",NA
"66707",81.8691948,25.4015637,"4462964189",2005,"post_office",NA
"66754",80.0561744,15.7096909,"4463333051",2005,"post_office",NA
"66813",76.6895421,9.712614,"4465271816",2005,"post_office","DTDC courier"
"66845",77.6189683,12.9438501,"4466385493",2005,"post_office","Koramangala"
"66846",77.1819063,9.6761527,"4466386392",2005,"post_office",NA
"66859",88.3543247,22.7211491,"4467167106",2005,"post_office","Rishra Post office"
"67084",77.1609883,13.1851973,"4474392793",2005,"post_office","CHOWDIBEGUR"
"67103",95.6167511,28.2686307,"4474615793",2005,"post_office","Post Office"
"67145",73.7453953,19.9719549,"4475525403",2005,"post_office",NA
"67149",87.5826301,22.1034247,"4476107092",2005,"post_office","Dhamsai"
"67151",87.5661491,22.1072685,"4476108190",2005,"post_office","Nedhuya"
"67181",75.1532072,15.375314,"4477350990",2005,"post_office","Manoj Park 1st Main road"
"67182",75.151891,15.3757483,"4477350991",2005,"post_office","Manoj Park 7th Cross"
"67183",75.1515976,15.3752627,"4477356889",2005,"post_office","Manoj Park 8th Cross"
"67197",75.1552471,15.3760071,"4478451789",2005,"post_office","Manoj Park"
"67235",77.6508038,12.867619,"4481552089",2005,"post_office","Barvika Residency"
"67246",79.0704193,12.2463889,"4483155189",2005,"post_office",NA
"67340",77.303731,28.6260694,"4485658692",2005,"post_office","Shrimate Surveillance System"
"67345",76.5649122,9.2914667,"4486190591",2005,"post_office","Elanjimel"
"67469",72.6072412,23.0500117,"4488013675",2005,"post_office","Asarwa civil post office"
"67680",74.4623286,31.5179262,"4488774593",2005,"post_office","Home"
"67747",78.7845227,10.5717684,"4489377890",2005,"post_office",NA
"68094",77.0883327,28.8531508,"4491993690",2005,"post_office","Khatri home"
"68167",72.8211732,19.4238657,"4494301190",2005,"post_office",NA
"68184",76.7514172,9.5077821,"4496330509",2005,"post_office","Cheruvallly Post Office"
"68255",72.820581,19.1921813,"4498877772",2005,"post_office","Kharodi Post Office (India Post)"
"68303",76.0528301,10.9002131,"4502595389",2005,"post_office","Padinjakkara"
"68387",89.4482288,26.322407,"4506635505",2005,"post_office","Cooch Behar Head Post Office"
"68418",73.122534,18.9719791,"4508075430",2005,"post_office","ONGC Post Office"
"68421",84.8987842,27.0339915,"4508374893",2005,"post_office",NA
"68477",75.1620767,18.26162,"4510209198",2005,"post_office",NA
"68479",75.2840383,18.2845812,"4510250490",2005,"post_office",NA
"68485",76.81413,8.7998879,"4510437390",2004,"post_box","Njarayilkonam"
"68735",88.9720296,22.5305968,"4515105089",2005,"post_office",NA
"68747",76.7334555,9.5376834,"4515409042",2004,"post_box",NA
"68751",76.697667,9.5432897,"4515661342",2005,"post_office","Kanam Post Office"
"68816",76.5516595,9.3919591,"4516788700",2005,"post_office","Azhiyidathu Chira Post Office"
"68962",73.8257917,18.554245,"4520393592",2004,"post_box",NA
"68976",73.8261081,18.5531153,"4520464892",2004,"post_box",NA
"69095",73.9180851,18.4658085,"4522446090",2005,"post_office",NA
"69377",76.1235443,34.5602597,"4525612990",2004,"post_box","Post Office"
"69413",74.6624925,19.618547,"4526911725",2004,"post_box",NA
"69515",74.2432489,16.6869214,"4530047050",2005,"post_office","Pratibha Nagar Post Office"
"69558",74.2368742,16.7028723,"4531715137",2005,"post_office","Railway Station Post Office"
"69691",77.0028469,20.7064125,"4534760204",2005,"post_office",NA
"69956",73.810728,15.3978772,"4539466892",2005,"post_office","Vasco de Gama"
"70069",77.5444531,12.9543065,"4542490906",2005,"post_office","Post Office"
"70155",93.6082251,27.086541,"4544360681",2005,"post_office","Post Office, RK hospital complex"
"70159",76.3692843,11.0406796,"4544481690",2005,"post_office","CJ Ramesh's House"
"70198",76.5551909,9.6685022,"4545800490",2005,"post_office","Ettumanoor Post Office"
"70286",73.8426605,18.5517209,"4546778693",2005,"post_office",NA
"70334",73.8422645,18.5515811,"4547917490",2005,"post_office",NA
"70432",80.0958338,13.1115572,"4549755543",2005,"post_office",NA
"70573",72.6375916,23.0592677,"4554856096",2005,"post_office","Saijpur post office"
"70619",88.3553889,22.5506761,"4556759601",2004,"post_box",NA
"70664",88.3931099,23.4393087,"4558009938",2005,"post_office","India Post"
"70999",85.6284938,20.517778,"4562930613",2005,"post_office","Head Post Office Athagarh"
"71124",77.107998,28.4923981,"4565411664",2004,"post_box","Postbox"
"71206",75.9132438,11.0418528,"4568154717",2005,"post_office","India Post"
"71221",75.8599984,11.0457352,"4568163566",2005,"post_office","India post"
"71236",78.2308992,10.2209188,"4568613590",2005,"post_office",NA
"71372",88.3623522,22.574588,"4571159190",2005,"post_office","Kolkata university post office"
"71576",75.9439817,11.2433832,"4576709189",2005,"post_office","Cheruvattoor"
"71637",77.9470719,9.5891294,"4578615433",2005,"post_office",NA
"71659",74.2285263,16.6605725,"4579068483",2005,"post_office","Indian Post"
"71661",74.2391828,16.662267,"4579068485",2005,"post_office","R K Nagar Post Office"
"71680",74.2717173,16.6683727,"4579279998",2005,"post_office","Ujalaiwadi Post Office"
"71985",72.957622,19.1859496,"4585356291",2005,"post_office",NA
"72085",77.281627,28.7053077,"4589272499",2004,"post_box","Shailendra shrivastav"
"72162",81.8747636,17.0639182,"4591334887",2005,"post_office","Post Office"
"72333",80.5324483,16.3579322,"4594101330",2005,"post_office","Post office"
"72822",86.9545338,23.6914183,"4612497910",2005,"post_office","Upper Chelidanga Post Office"
"72837",79.181029,13.2303656,"4613340192",2005,"post_office","Gangadhara Nellore"
"73041",80.2149908,13.0504807,"4621643891",2005,"post_office",NA
"73043",73.7659214,18.4245084,"4621667363",2005,"post_office","DIAT post office"
"73286",73.9576915,15.274799,"4629751633",2005,"post_office","Margao Post Office"
"73291",76.7198889,9.5379306,"4631002806",2005,"post_office","Chakonpathal Post Office"
"73326",88.0891144,26.5553334,"4631719191",2005,"post_office",NA
"73373",73.8597302,18.5200369,"4632281120",2005,"post_office","Kasba Peth Post Office"
"73577",79.5291565,17.9810797,"4638571468",2005,"post_office","NITW Post Office"
"73666",86.4421556,23.8116363,"4640533400",2005,"post_office",NA
"73727",88.3641483,22.463103,"4643470046",2005,"post_office","Brahmapur Post Office"
"73873",79.8297557,11.937349,"4655162493",2005,"post_office",NA
"73978",95.3131988,28.0787173,"4662176008",2005,"post_office","Post Office JNC"
"74046",76.2008132,10.1881164,"4665203120",2005,"post_office","Moothakunnam Post Office"
"74187",79.05906,28.203026,"4674571290",2005,"post_office",NA
"74196",79.12856,28.02365,"4674571491",2005,"post_office",NA
"74259",78.3200884,17.4782819,"4674783589",2005,"post_office","DTDC"
"74300",76.211769,10.1589241,"4675421142",2005,"post_office","Vadakkekara Post Office"
"74357",78.4115265,17.4178305,"4677877314",2005,"post_office","DTDC"
"74358",78.4108408,17.4158314,"4677877395",2005,"post_office","India Post"
"74379",73.8624755,18.5224827,"4678263489",2004,"post_box",NA
"74545",80.1225798,12.9239029,"4682739890",2005,"post_office",NA
"74645",77.194833,28.753882,"4686240590",2005,"post_office","Burari"
"74673",77.1726168,28.5808948,"4686838189",2005,"post_office","B Block South Motibagh"
"74953",79.1416337,12.955172,"4693434798",2005,"post_office","Gandhinagar post office"
"74958",79.1334189,12.9241934,"4693434965",2005,"post_office","Post office"
"75058",76.3473017,10.0987115,"4696519991",2005,"post_office","Turn right to Aluva town"
"75187",70.053605,22.4856129,"4699313585",2005,"post_office","Panchavati Post Office"
